,Gemeente,Provincie,Stemmen op coalitie,Stemmen op PVV,Inwoners,Benzine,Diesel,Alles elektrisch,Aardgas,Alcohol,Elektriciteit,Hybride,Hybride met stekker,LNG,LPG,Waterstof,Bevolkingsdichtheid,Huishoudgrootte,Koopwoningen,Huurwoningen,Huurwoningen corporatie,Huurwoningen overig,WOZ,Gemeentenaam Allecijfers,Regio's,GEMEENTE,AANTAL VOERTUIGEN,Elektrisch per inwoner,Elektrisch percentage (oud)
0,Aa en Hunze,Drenthe,0.61,0.19,25724,64%,24%,"10,34%",0%,0%,"3,10%","6,80%","0,44%",0%,"1,35%",0%,94,"2,22",75.3,"24,7","19,3","5,4",349,Gemeente Aa en Hunze,Aa en Hunze,Aa en Hunze,684,0.026589954905924428,10.34
1,Aalsmeer,Noord-Holland,0.66,0.25,33063,69%,15%,"14,05%",0%,0%,"4,72%","8,60%","0,73%","0,14%","1,13%",0%,1656,"2,28",64.0,36,"24,3","11,7",491,Gemeente Aalsmeer,Aalsmeer,Aalsmeer,962,0.029095968302936818,14.05
2,Aalten,Gelderland,0.65,0.2,27244,75%,17%,"7,01%",0%,0%,"2,19%","4,47%","0,35%",0%,"1,22%",0%,283,"2,28",71.8,"28,1","18,9","9,2",331,Gemeente Aalten,Aalten,Aalten,384,0.014094846571722214,7.01
3,Achtkarspelen,Fryslï¿½n,0.66,0.34,28149,64%,30%,"4,74%",0%,0%,"1,60%","2,84%","0,30%",0%,"1,47%",0%,276,"2,31",63.7,"36,3","30,2","6,1",271,Gemeente Achtkarspelen,Achtkarspelen,Achtkarspelen,352,0.012504884720593983,4.74
4,Alblasserdam,Zuid-Holland,0.51,0.25,20356,68%,19%,"12,15%",0%,0%,"3,40%","8,30%","0,45%",0%,"1,04%",0%,2316,"2,37",61.8,"38,1","32,7","5,4",343,Gemeente Alblasserdam,Alblasserdam,Alblasserdam,382,0.0187659658086068,12.15
5,Albrandswaard,Zuid-Holland,0.65,0.3,26357,69%,12%,"17,57%",0%,0%,"4,81%",12%,"0,76%",0%,"0,87%",0%,1220,"2,42",69.9,"30,1",25,"5,1",447,Gemeente Albrandswaard,Albrandswaard,Albrandswaard,712,0.027013696551200818,17.57
6,Alkmaar,Noord-Holland,0.51,0.21,111834,64%,17%,"18,30%","0,05%",0%,"6,70%",11%,"0,60%",0%,"0,95%",0%,1018,"2,05",58.3,"41,6","28,1","13,5",359,Gemeente Alkmaar,Alkmaar,Alkmaar,4861,0.043466208845252784,18.3
7,Almelo,Overijssel,0.69,0.3,73949,71%,17%,"10,38%",0%,0%,"2,68%","7,20%","0,50%",0%,"1,14%",0%,1106,"2,16",54.7,"45,3","33,5","11,8",284,Gemeente Almelo,Almelo,Almelo,1158,0.015659440966071213,10.38
8,Almere,Flevoland,0.57,0.27,222825,51%,14%,"34,47%","0,10%",0%,19%,15%,"0,47%",0%,"0,71%",0%,1753,"2,31",62.5,"37,5","26,6","10,9",375,Gemeente Almere,Almere,Almere,36529,0.16393582407719062,34.47
9,Alphen aan den Rijn,Zuid-Holland,0.58,0.23,114182,69%,16%,"13,64%",0%,0%,"3,99%","8,90%","0,75%",0%,"0,93%",0%,913,"2,24",63.4,"36,6","25,4","11,2",374,Gemeente Alphen aan den Rijn,Alphen aan den Rijn,Alphen aan den Rijn,2737,0.023970503231682753,13.64
10,Alphen-Chaam,Noord-Brabant,0.71,0.24,10463,70%,20%,"8,53%",0%,0%,"2,69%","5,50%","0,34%",0%,"1,21%",0%,112,"2,35",75.4,"24,5","12,9","11,6",458,Gemeente Alphen-Chaam,Alphen-Chaam,Alphen-Chaam,224,0.021408773774252127,8.53
11,Altena,Noord-Brabant,0.59,0.29,57726,66%,24%,"9,52%",0%,0%,"2,85%","6,20%","0,47%",0%,"0,83%",0%,292,"2,4",68.9,"31,1","23,9","7,2",396,Gemeente Altena,Altena,Altena,1221,0.021151647437896267,9.52
12,Ameland,Fryslï¿½n,0.65,0.19,3840,70%,24%,"5,78%",0%,0%,"1,54%","4,24%",0%,0%,0%,0%,68,"2,02",67.2,"32,7",0,"32,7",348,Gemeente Ameland,Ameland,Ameland,53,0.013802083333333333,5.78
13,Amersfoort,Utrecht,0.44,0.16,160759,52%,16%,"31,34%","0,19%",0%,17%,14%,"0,34%",0%,"0,57%",0%,2590,"2,19",57.9,42,29,13,420,Gemeente Amersfoort,Amersfoort,Amersfoort,27807,0.17297320834292326,31.34
14,Amstelveen,Noord-Holland,0.51,0.15,94418,67%,10%,"21,58%",0%,0%,"7,40%",13%,"1,18%",0%,"0,56%",0%,2311,"2,07",47.2,"52,7","29,1","23,6",536,Gemeente Amstelveen,Amstelveen,Amstelveen,3088,0.032705628164121245,21.58
15,Amsterdam,Noord-Holland,0.29,0.1,918117,63%,15%,"20,78%","0,05%",0%,"7,80%",12%,"0,98%",0%,"1,05%",0%,4950,"1,78",29.9,70,"39,6","30,4",499,Gemeente Amsterdam,Amsterdam,Amsterdam,25478,0.027750275836304086,20.78
16,Apeldoorn,Gelderland,0.57,0.22,167191,70%,17%,"11,87%",0%,0%,"3,50%","7,70%","0,67%",0%,"1,16%",0%,495,"2,14",60.1,"39,9","27,7","12,2",382,Gemeente Apeldoorn,Apeldoorn,Apeldoorn,3674,0.02197486706820343,11.87
17,Arnhem,Gelderland,0.43,0.19,165770,72%,14%,"12,16%","0,23%",0%,"4,06%","7,50%","0,60%","0,02%","1,19%",0%,1715,"1,92",42.9,"57,1","34,4","22,7",336,Gemeente Arnhem,Arnhem,Arnhem,3273,0.019744223924714966,12.16
18,Assen,Drenthe,0.54,0.21,69414,69%,19%,"10,80%","0,09%",0%,"2,73%","7,50%","0,57%",0%,"1,22%",0%,851,"2,07",58.6,"41,2","27,1","14,1",284,Gemeente Assen,Assen,Assen,1119,0.01612066730054456,10.8
19,Asten,Noord-Brabant,0.71,0.27,17242,67%,23%,"8,58%",0%,0%,"2,64%","5,60%","0,34%",0%,"1,42%",0%,246,"2,29",70.9,29,"20,9","8,1",417,Gemeente Asten,Asten,Asten,335,0.019429300545180373,8.58
20,Baarle-Nassau,Noord-Brabant,0.73,0.3,7071,71%,20%,"7,45%",0%,0%,"1,74%","5,40%","0,31%",0%,"1,65%",0%,93,"2,2",69.6,"29,6","11,1","18,5",411,Gemeente Baarle-Nassau,Baarle-Nassau,Baarle-Nassau,102,0.014425116673737802,7.45
21,Baarn,Utrecht,0.53,0.17,25008,71%,13%,"14,73%",0%,0%,"4,88%","9,10%","0,75%",0%,"1,21%",0%,770,"2,11",61.6,"38,4",25,"13,4",491,Gemeente Baarn,Baarn,Baarn,724,0.02895073576455534,14.73
22,Barendrecht,Zuid-Holland,0.6,0.28,48812,66%,16%,"16,53%",0%,0%,"4,83%",11%,"0,70%",0%,"0,87%",0%,2487,"2,44",69.8,"30,2","21,7","8,5",436,Gemeente Barendrecht,Barendrecht,Barendrecht,1327,0.027185937884126855,16.53
23,Barneveld,Gelderland,0.5,0.2,61655,64%,26%,"9,15%",0%,0%,"2,73%","5,80%","0,62%",0%,"1,28%",0%,356,"2,6",68.0,32,"18,4","13,6",453,Gemeente Barneveld,Barneveld,Barneveld,1331,0.021587867975022303,9.15
24,Beek,Limburg,0.65,0.32,16132,75%,13%,"11,03%",0%,0%,"2,62%","7,90%","0,51%",0%,"1,17%",0%,770,"2,11",69.9,"30,1","21,1",9,295,Gemeente Beek,Beek (L.),Beek,309,0.019154475576493926,11.03
25,Beekdaelen,Limburg,0.68,0.33,35966,75%,13%,"10,21%",0%,0%,"2,47%","7,50%","0,24%",0%,"1,22%",0%,458,"2,16",73.0,"26,9","17,8","9,1",306,Gemeente Beekdaelen,Beekdaelen,Beekdaelen,635,0.017655563587832955,10.21
26,Beesel,Limburg,0.69,0.37,13449,75%,13%,"11,29%",0%,0%,"2,21%","8,60%","0,48%",0%,"1,12%",0%,480,"2,21",67.3,"32,7","27,1","5,6",297,Gemeente Beesel,Beesel,Beesel,191,0.014201799390289241,11.29
27,Berg en Dal,Gelderland,0.59,0.28,35420,72%,15%,"12,10%",0%,0%,"2,59%",9%,"0,51%",0%,"1,24%",0%,411,"2,11",61.1,"38,8","28,2","10,6",371,Gemeente Berg en Dal,Berg en Dal,Berg en Dal,580,0.01637492941840768,12.1
28,Bergeijk,Noord-Brabant,0.7,0.27,19092,68%,21%,"9,70%",0%,0%,"2,27%","6,80%","0,63%",0%,"1,24%",0%,190,"2,29",78.1,"21,9","12,8","9,1",474,Gemeente Bergeijk,Bergeijk,Bergeijk,345,0.01807039597737272,9.7
29,Bergen (L.),Limburg,0.73,0.36,13119,71%,19%,"8,33%",0%,0%,"2,40%","5,70%","0,23%",0%,"1,90%",0%,127,"2,25",71.3,"28,6","22,9","5,7",333,Gemeente Bergen (Limburg),Bergen (L.),Bergen (L),230,0.017531824071956702,8.33
30,Bergen (NH.),Noord-Holland,0.57,0.21,30138,70%,15%,"12,93%",0%,0%,"3,95%","7,90%","1,08%",0%,"1,87%",0%,302,"2,05",67.3,"32,3","18,2","14,1",580,Gemeente Bergen (Noord-Holland),Bergen (NH.),Bergen (NH),764,0.025350056407193577,12.93
31,Bergen op Zoom,Noord-Brabant,0.64,0.3,68864,73%,16%,"10,91%",0%,0%,"2,70%","7,80%","0,41%",0%,"0,81%",0%,872,"2,15",58.9,"41,1","29,7","11,4",312,Gemeente Bergen op Zoom,Bergen op Zoom,Bergen op Zoom,1108,0.01608968401486989,10.91
32,Berkelland,Gelderland,0.72,0.21,44022,71%,19%,"8,48%",0%,0%,"2,32%","5,80%","0,36%",0%,"1,33%",0%,170,"2,25",68.5,"31,5","23,5",8,370,Gemeente Berkelland,Berkelland,Berkelland,743,0.01687792467402662,8.48
33,Bernheze,Noord-Brabant,0.67,0.28,32263,65%,23%,"10,61%","0,05%",0%,"3,39%","6,70%","0,52%",0%,"1,02%",0%,363,"2,35",70.9,"29,1","19,1",10,457,Gemeente Bernheze,Bernheze,Bernheze,772,0.023928338964138488,10.61
34,Best,Noord-Brabant,0.65,0.26,30897,71%,16%,"12,66%",0%,0%,"3,66%","8,30%","0,70%",0%,"0,95%",0%,921,"2,26",70.9,"29,1",20,"9,1",428,Gemeente Best,Best,Best,715,0.02314140531443182,12.66
35,Beuningen,Gelderland,0.66,0.28,26573,71%,15%,"12,41%",0%,0%,"3,44%","8,40%","0,57%",0%,"1,30%",0%,613,"2,27",70.4,"29,5","22,1","7,4",391,Gemeente Beuningen,Beuningen,Beuningen,604,0.022729838557934746,12.41
36,Beverwijk,Noord-Holland,0.6,0.3,42711,71%,17%,"11,39%",0%,0%,"2,94%","7,70%","0,75%",0%,"1,06%",0%,2336,"2,14",54.2,"45,8","36,3","9,5",336,Gemeente Beverwijk,Beverwijk,Beverwijk,680,0.015920957130481608,11.39
37,Bladel,Noord-Brabant,0.7,0.28,21009,67%,22%,"9,68%",0%,0%,"2,78%","6,50%","0,40%",0%,"1,37%",0%,279,"2,27",74.1,"25,9","14,2","11,7",434,Gemeente Bladel,Bladel,Bladel,430,0.0204674187253082,9.68
38,Blaricum,Noord-Holland,0.66,0.18,12490,68%,12%,"19,36%",0%,0%,"5,70%",12%,"1,66%",0%,"0,62%",0%,1149,"2,35",69.7,"29,8","21,3","8,5",858,Gemeente Blaricum,Blaricum,Blaricum,468,0.03746997598078463,19.36
39,Bloemendaal,Noord-Holland,0.54,0.11,23922,72%,9%,"18,18%",0%,0%,"5,50%",11%,"1,68%",0%,"0,77%",0%,598,"2,3",70.7,"29,2","17,3","11,9",905,Gemeente Bloemendaal,Bloemendaal,Bloemendaal,766,0.03202073405233676,18.18
40,Bodegraven-Reeuwijk,Zuid-Holland,0.57,0.21,36308,66%,20%,"12,60%",0%,0%,"3,84%","7,90%","0,86%",0%,"1,08%",0%,485,"2,37",72.0,28,"19,4","8,6",449,Gemeente Bodegraven-Reeuwijk,Bodegraven-Reeuwijk,Bodegraven-Reeuwijk,841,0.0231629392971246,12.6
41,Boekel,Noord-Brabant,0.72,0.31,11163,65%,26%,"7,59%",0%,0%,"2,99%","4,04%","0,56%",0%,"1,20%",0%,327,"2,43",73.9,"26,1","15,3","10,8",417,Gemeente Boekel,Boekel,Boekel,234,0.02096210696049449,7.59
42,Borger-Odoorn,Drenthe,0.68,0.28,25919,66%,24%,"7,98%",0%,0%,"1,70%","5,90%","0,38%",0%,"1,85%",0%,95,"2,23",73.9,"26,1","19,5","6,6",304,Gemeente Borger-Odoorn,Borger-Odoorn,Borger-Odoorn,422,0.01628149234152552,7.98
43,Borne,Overijssel,0.73,0.22,24524,71%,17%,"11,75%",0%,0%,"3,32%","7,90%","0,53%",0%,"0,88%",0%,948,"2,34",69.9,"30,1","21,7","8,4",394,Gemeente Borne,Borne,Borne,477,0.019450334366335018,11.75
44,Borsele,Zeeland,0.56,0.23,23159,66%,25%,"8,61%",0%,0%,"2,41%","5,90%","0,30%",0%,"0,46%",0%,163,"2,32",74.8,"25,1","19,8","5,3",319,Gemeente Borsele,Borsele,Borsele,450,0.01943089079839371,8.61
45,Boxtel,Noord-Brabant,0.61,0.26,33748,70%,19%,"10,38%",0%,0%,"3,18%","6,70%","0,50%",0%,"1,07%",0%,492,"2,18",62.5,"37,4","28,4",9,381,Gemeente Boxtel,Boxtel,Boxtel,683,0.020238236339931256,10.38
46,Breda,Noord-Brabant,0.54,0.2,186438,52%,14%,"33,39%","0,26%",0%,20%,13%,"0,39%",0%,"0,49%",0%,1496,"2,01",54.8,"45,2","28,4","16,8",390,Gemeente Breda,Breda,Breda,34568,0.18541284502086486,33.39
47,Bronckhorst,Gelderland,0.69,0.2,36277,68%,21%,"9,33%",0%,0%,"3,24%","5,70%","0,39%",0%,"1,15%",0%,127,"2,26",70.8,"29,1","18,3","10,8",438,Gemeente Bronckhorst,Bronckhorst,Bronckhorst,915,0.025222592827411308,9.33
48,Brummen,Gelderland,0.63,0.24,21105,72%,16%,"10,21%",0%,0%,"3,19%","6,50%","0,52%",0%,"1,31%",0%,255,"2,21",63.1,"36,9","30,2","6,7",384,Gemeente Brummen,Brummen,Brummen,446,0.02113243307273158,10.21
49,Brunssum,Limburg,0.7,0.42,27682,80%,10%,"9,04%",0%,0%,"1,64%","7,20%","0,20%",0%,"1,08%",0%,1611,"1,98",61.4,"38,5","28,3","10,2",224,Gemeente Brunssum,Brunssum,Brunssum,297,0.01072899356982877,9.04
50,Bunnik,Utrecht,0.45,0.13,16026,65%,19%,"14,72%",0%,0%,"4,48%","9,20%","1,04%",0%,"1,17%",0%,436,"2,3",73.5,"26,4","16,1","10,3",523,Gemeente Bunnik,Bunnik,Bunnik,438,0.027330587794833397,14.72
51,Bunschoten,Utrecht,0.64,0.34,22500,67%,21%,"11,78%",0%,0%,"2,98%","8,20%","0,60%",0%,"0,87%",0%,744,"2,52",73.2,"26,8","14,5","12,3",439,Gemeente Bunschoten,Bunschoten,Bunschoten,381,0.016933333333333335,11.78
52,Buren,Gelderland,0.67,0.31,27725,65%,23%,"10,43%",0%,0%,"3,11%","6,80%","0,52%",0%,"1,52%",0%,208,"2,35",74.6,"25,3","19,3",6,444,Gemeente Buren,Buren,Buren,681,0.024562669071235346,10.43
53,Capelle aan den IJssel,Zuid-Holland,0.55,0.27,67552,74%,11%,"14,21%",0%,0%,"3,54%",10%,"0,67%",0%,"0,76%",0%,4803,"2,09",53.9,46,"34,5","11,5",350,Gemeente Capelle aan den IJssel,Capelle aan den IJssel,Capelle aan den IJssel,1182,0.01749763145428707,14.21
54,Castricum,Noord-Holland,0.54,0.18,36345,70%,15%,"13,74%",0%,0%,"3,84%","8,90%","1,00%","0,05%","1,22%",0%,733,"2,21",74.9,"25,1",16,"9,1",485,Gemeente Castricum,Castricum,Castricum,827,0.022754161507772732,13.74
55,Coevorden,Drenthe,0.71,0.28,35700,66%,25%,"7,29%",0%,0%,"1,89%","5,10%","0,30%",0%,"1,45%",0%,121,"2,2",69.4,"30,5","23,2","7,3",297,Gemeente Coevorden,Coevorden,Coevorden,541,0.01515406162464986,7.29
56,Cranendonck,Noord-Brabant,0.74,0.33,20851,70%,19%,"7,90%",0%,0%,"2,41%","5,20%","0,29%",0%,"2,42%",0%,272,"2,22",73.1,"26,9","16,3","10,6",372,Gemeente Cranendonck,Cranendonck,Cranendonck,389,0.018656179559733345,7.9
57,Culemborg,Gelderland,0.48,0.2,29729,68%,17%,"13,89%",0%,0%,"4,14%","9,20%","0,55%",0%,"1,03%",0%,1023,"2,25",63.9,36,"26,1","9,9",388,Gemeente Culemborg,Culemborg,Culemborg,713,0.023983315954118872,13.89
58,Dalfsen,Overijssel,0.67,0.19,29612,64%,25%,"9,34%",0%,0%,"2,23%","6,30%","0,81%",0%,"1,82%",0%,180,"2,4",74.4,"25,6","17,2","8,4",430,Gemeente Dalfsen,Dalfsen,Dalfsen,599,0.02022828583006889,9.34
59,Dantumadiel,Fryslï¿½n,0.64,0.3,19194,66%,28%,"4,68%",0%,0%,"1,34%","2,95%","0,39%",0%,"1,67%",0%,226,"2,34",63.5,"36,5",32,"4,5",309,Gemeente Dantumadiel,Dantumadiel,Dantumadiel,213,0.011097217880587684,4.68
60,De Bilt,Utrecht,0.45,0.13,43884,69%,16%,"14,19%",0%,0%,"4,37%","8,80%","1,02%",0%,"1,08%",0%,661,"2,2",60.8,"39,1","27,2","11,9",580,Gemeente De Bilt,De Bilt,De Bilt,1085,0.024724273083583995,14.19
61,De Fryske Marren,Fryslï¿½n,0.66,0.25,51992,61%,29%,"8,53%","0,34%",0%,"3,53%","4,63%","0,37%",0%,"1,10%",0%,148,"2,24",69.9,"29,8","22,9","6,9",341,Gemeente De Fryske Marren,De Fryske Marren,De Fryske Marren,1463,0.028138944452992767,8.53
62,De Ronde Venen,Utrecht,0.63,0.23,45572,67%,18%,"13,83%",0%,0%,"4,11%",9%,"0,72%",0%,"0,89%",0%,460,"2,28",66.4,"33,6","23,8","9,8",516,Gemeente De Ronde Venen,De Ronde Venen,De Ronde Venen,1279,0.028065478802773634,13.83
63,De Wolden,Drenthe,0.69,0.23,24602,63%,28%,"7,90%",0%,0%,"2,18%","5,30%","0,42%",0%,"1,52%",0%,110,"2,31",74.8,"25,2","17,1","8,1",396,Gemeente De Wolden,De Wolden,De Wolden,456,0.018535078448906592,7.9
64,Delft,Zuid-Holland,0.4,0.17,106086,72%,13%,"14,70%",0%,0%,"3,99%",10%,"0,71%",0%,"0,77%",0%,4835,"1,71",36.7,63,"41,7","21,3",336,Gemeente Delft,Delft,Delft,1620,0.01527062948928228,14.7
65,Den Helder,Noord-Holland,0.67,0.34,56539,75%,13%,"10,29%",0%,0%,"2,43%","7,40%","0,46%",0%,"1,42%",0%,1251,"1,99",55.0,"44,9","36,4","8,5",242,Gemeente Den Helder,Den Helder,Den Helder,725,0.012823007127823272,10.29
66,Deurne,Noord-Brabant,0.71,0.3,32977,67%,23%,"8,07%",0%,0%,"2,42%","5,20%","0,45%",0%,"1,39%",0%,284,"2,25",66.3,"33,8","24,6","9,2",397,Gemeente Deurne,Deurne,Deurne,564,0.017102829244625042,8.07
67,Deventer,Overijssel,0.51,0.18,102781,72%,16%,"11,14%",0%,0%,"3,40%","7,20%","0,54%",0%,"1,29%",0%,792,"2,09",55.5,"44,5","29,4","15,1",342,Gemeente Deventer,Deventer,Deventer,2021,0.01966316731691655,11.14
68,Diemen,Noord-Holland,0.43,0.17,32785,68%,15%,"16,27%",0%,0%,"4,42%",11%,"0,85%",0%,"0,67%",0%,2760,"1,95",39.7,"60,2","21,4","38,8",428,Gemeente Diemen,Diemen,Diemen,525,0.016013420771694372,16.27
69,Dijk en Waard,Noord-Holland,0.62,0.25,88985,70%,16%,"13,07%","0,05%",0%,"3,82%","8,40%","0,85%",0%,"1,38%",0%,1455,"2,33",70.9,"29,1","19,9","9,2",392,Gemeente Dijk en Waard,Dijk en Waard,Dijk en Waard,2008,0.022565600943979323,13.07
70,Dinkelland,Overijssel,0.84,0.23,26743,65%,26%,"8,84%",0%,0%,"2,83%","5,80%","0,21%",0%,"0,49%",0%,152,"2,45",74.5,"25,4","12,2","13,2",413,Gemeente Dinkelland,Dinkelland,Dinkelland,596,0.02228620573608047,8.84
71,Doesburg,Gelderland,0.57,0.25,11081,75%,14%,"9,28%",0%,0%,"2,70%","6,20%","0,38%",0%,"1,44%",0%,959,"2,02",54.0,46,"38,9","7,1",298,Gemeente Doesburg,Doesburg,Doesburg,199,0.01795866799025359,9.28
72,Doetinchem,Gelderland,0.62,0.25,59195,72%,16%,"10,98%",0%,0%,"3,03%","7,40%","0,55%",0%,"1,08%",0%,754,"2,17",59.4,"40,5","28,4","12,1",313,Gemeente Doetinchem,Doetinchem,Doetinchem,1145,0.019342849902863418,10.98
73,Dongen,Noord-Brabant,0.64,0.27,27200,73%,15%,"11,46%",0%,0%,"2,94%",8%,"0,52%",0%,"0,86%",0%,927,"2,24",70.5,"29,4","20,1","9,3",353,Gemeente Dongen,Dongen,Dongen,542,0.019926470588235295,11.46
74,Dordrecht,Zuid-Holland,0.52,0.24,121434,66%,17%,"16,12%",0%,0%,"5,80%","9,80%","0,52%",0%,"0,78%",0%,1574,"2,09",57.8,"42,2","27,6","14,6",310,Gemeente Dordrecht,Dordrecht,Dordrecht,4179,0.034413755620336973,16.12
75,Drechterland,Noord-Holland,0.66,0.25,20385,67%,21%,"9,92%",0%,0%,"3,15%","6,10%","0,67%",0%,"2,03%",0%,348,"2,32",73.8,"26,1","19,5","6,6",413,Gemeente Drechterland,Drechterland,Drechterland,434,0.021290164336521953,9.92
76,Drimmelen,Noord-Brabant,0.7,0.31,27994,69%,19%,"10,80%",0%,0%,"2,96%","7,30%","0,54%",0%,"1,15%",0%,297,"2,25",71.9,"28,1","22,5","5,6",413,Gemeente Drimmelen,Drimmelen,Drimmelen,571,0.020397227977423733,10.8
77,Dronten,Flevoland,0.66,0.25,43593,64%,22%,"12,64%",0%,0%,"3,95%","7,90%","0,79%",0%,"1,83%",0%,133,"2,23",68.2,"31,7","24,3","7,4",354,Gemeente Dronten,Dronten,Dronten,1132,0.025967471841809465,12.64
78,Druten,Gelderland,0.68,0.29,19505,68%,20%,"10,78%",0%,0%,"3,11%","7,40%","0,27%",0%,"1,03%",0%,522,"2,29",65.6,"34,4","22,3","12,1",368,Gemeente Druten,Druten,Druten,399,0.020456293258138938,10.78
79,Duiven,Gelderland,0.66,0.27,24937,70%,15%,"13,40%",0%,0%,"3,56%","9,40%","0,44%",0%,"0,93%",0%,734,"2,27",67.1,"32,8","26,2","6,6",354,Gemeente Duiven,Duiven,Duiven,551,0.02209568111641336,13.4
80,Echt-Susteren,Limburg,0.71,0.38,31967,73%,15%,"9,54%",0%,0%,"2,04%","7,20%","0,30%",0%,"1,78%",0%,311,"2,13",70.4,"29,5","18,8","10,7",303,Gemeente Echt-Susteren,Echt-Susteren,Echt-Susteren,517,0.01617292833234273,9.54
81,Edam-Volendam,Noord-Holland,0.76,0.43,36760,63%,21%,"14,94%",0%,0%,"3,32%",11%,"0,62%",0%,"0,75%",0%,680,"2,36",77.1,"22,9","17,3","5,6",409,Gemeente Edam-Volendam,Edam-Volendam,Edam-Volendam,670,0.01822633297062024,14.94
82,Ede,Gelderland,0.48,0.19,122012,63%,22%,"13,26%","0,16%",0%,"4,84%","7,70%","0,72%",0%,"1,24%","0,08%",388,"2,3",64.6,"35,3","20,7","14,6",414,Gemeente Ede,Ede,Ede,3776,0.030947775628626693,13.26
83,Eemnes,Utrecht,0.64,0.24,9598,68%,18%,"12,66%",0%,0%,"3,92%",8%,"0,74%",0%,"1,16%",0%,314,"2,29",71.6,"27,9","22,3","5,6",526,Gemeente Eemnes,Eemnes,Eemnes,252,0.026255469889560325,12.66
84,Eemsdelta,Groningen,0.62,0.27,45394,71%,20%,"8,96%",0%,0%,"1,61%","7,20%","0,15%",0%,"0,71%",0%,168,"2,08",56.6,"43,4","31,2","12,2",229,Gemeente Eemsdelta,Eemsdelta,Eemsdelta,556,0.012248314755253998,8.96
85,Eersel,Noord-Brabant,0.66,0.23,20004,67%,21%,"11,18%",0%,0%,"3,09%","7,50%","0,59%",0%,"0,91%",0%,245,"2,31",73.8,"26,2","16,3","9,9",485,Gemeente Eersel,Eersel,Eersel,450,0.022495500899820036,11.18
86,Eijsden-Margraten,Limburg,0.63,0.25,25991,73%,14%,"11,16%",0%,0%,"2,47%","8,40%","0,29%",0%,"0,93%",0%,336,"2,24",76.3,"23,5","10,2","13,3",385,Gemeente Eijsden-Margraten,Eijsden-Margraten,Eijsden-Margraten,449,0.01727521064984033,11.16
87,Eindhoven,Noord-Brabant,0.48,0.2,243730,70%,15%,"13,66%","0,01%",0%,"4,41%","8,60%","0,65%",0%,"1,01%",0%,2800,"1,89",43.8,"56,2","36,2",20,363,Gemeente Eindhoven,Eindhoven,Eindhoven,5381,0.022077708940220736,13.66
88,Elburg,Gelderland,0.57,0.25,24037,71%,20%,"8,06%",0%,0%,"2,30%","5,10%","0,66%",0%,"1,60%",0%,375,"2,43",65.3,"34,6","26,1","8,5",363,Gemeente Elburg,Elburg,Elburg,340,0.014144860007488455,8.06
89,Emmen,Drenthe,0.7,0.36,108765,70%,20%,"8,43%",0%,0%,"1,60%","6,30%","0,53%",0%,"1,29%",0%,326,"2,13",62.7,"37,3","27,7","9,6",251,Gemeente Emmen,Emmen,Emmen,1318,0.012117868799705788,8.43
90,Enkhuizen,Noord-Holland,0.58,0.25,18885,71%,18%,"9,39%",0%,0%,"2,29%","6,50%","0,60%",0%,"1,64%",0%,1492,"2,1",61.0,"38,9","28,4","10,5",321,Gemeente Enkhuizen,Enkhuizen,Enkhuizen,239,0.01265554673020916,9.39
91,Enschede,Overijssel,0.62,0.23,161235,75%,14%,"9,76%",0%,0%,"2,32%",7%,"0,44%",0%,"0,97%",0%,1149,"1,94",48.1,"51,9",36,"15,9",296,Gemeente Enschede,Enschede,Enschede,1899,0.011777839799051075,9.76
92,Epe,Gelderland,0.63,0.25,33283,69%,20%,"9,57%",0%,0%,"2,64%","6,30%","0,63%",0%,"1,36%",0%,212,"2,26",64.7,"35,2","27,2",8,449,Gemeente Epe,Epe,Epe,683,0.020520986689901752,9.57
93,Ermelo,Gelderland,0.53,0.19,27496,67%,21%,"10,39%",0%,0%,"2,97%","6,70%","0,72%","0,08%","1,33%",0%,325,"2,25",62.0,"37,7",24,"13,7",441,Gemeente Ermelo,Ermelo,Ermelo,512,0.01862089031131801,10.39
94,Etten-Leur,Noord-Brabant,0.67,0.3,44578,72%,15%,"12,38%",0%,0%,"3,41%","8,50%","0,47%",0%,"0,69%",0%,818,"2,24",63.7,"36,3","27,4","8,9",355,Gemeente Etten-Leur,Etten-Leur,Etten-Leur,960,0.021535286464175154,12.38
95,Geertruidenberg,Noord-Brabant,0.72,0.37,22099,71%,17%,"11,39%",0%,0%,"3,05%","7,80%","0,54%",0%,"0,96%",0%,829,"2,21",62.1,"37,9","31,3","6,6",346,Gemeente Geertruidenberg,Geertruidenberg,Geertruidenberg,440,0.019910403185664508,11.39
96,Geldrop-Mierlo,Noord-Brabant,0.62,0.28,40441,71%,16%,"11,94%",0%,0%,"3,33%","8,10%","0,51%",0%,"1,02%",0%,1313,"2,19",65.2,"34,8","26,3","8,5",389,Gemeente Geldrop-Mierlo,Geldrop-Mierlo,Geldrop-Mierlo,842,0.020820454489255954,11.94
97,Gemert-Bakel,Noord-Brabant,0.69,0.31,31383,67%,23%,"9,02%",0%,0%,"3,01%","5,70%","0,31%",0%,"1,21%",0%,258,"2,32",68.6,"31,3","21,5","9,8",407,Gemeente Gemert-Bakel,Gemert-Bakel,Gemert-Bakel,674,0.021476595609087722,9.02
98,Gennep,Limburg,0.65,0.29,17764,70%,20%,"8,55%","0,26%",0%,"2,58%","5,50%","0,47%",0%,"1,70%",0%,374,"2,17",66.1,"33,8",24,"9,8",352,Gennep,Gennep,Gennep,322,0.01812654807475794,8.55
99,Gilze en Rijen,Noord-Brabant,0.65,0.29,26815,69%,17%,"13,05%",0%,0%,"2,89%","9,70%","0,46%",0%,"0,95%",0%,418,"2,27",64.4,"35,4","28,3","7,1",368,Gemeente Gilze en Rijen,Gilze en Rijen,Gilze en Rijen,527,0.019653179190751446,13.05
100,Goeree-Overflakkee,Zuid-Holland,0.58,0.28,51590,67%,21%,"10,89%",0%,0%,"3,13%","7,30%","0,46%","0,05%","1,20%",0%,198,"2,28",64.9,35,"27,7","7,3",362,Gemeente Goeree-Overflakkee,Goeree-Overflakkee,Goeree-Overflakkee,1095,0.021225043613103314,10.89
101,Goes,Zeeland,0.54,0.21,39433,66%,18%,"14,40%",0%,0%,"5,30%","8,70%","0,40%",0%,"0,64%",0%,429,"2,07",60.4,"39,2","27,4","11,8",321,Gemeente Goes,Goes,Goes,1487,0.03770953262495879,14.4
102,Goirle,Noord-Brabant,0.61,0.24,24177,73%,15%,"11,68%",0%,0%,"3,03%","8,20%","0,45%",0%,"0,89%",0%,566,"2,28",71.3,"28,7","23,9","4,8",425,Gemeente Goirle,Goirle,Goirle,456,0.018860900856185633,11.68
103,Gooise Meren,Noord-Holland,0.53,0.14,60341,71%,12%,"16,32%",0%,0%,"5,40%","9,70%","1,22%",0%,"1,03%",0%,1457,"2,19",63.8,"36,2","21,4","14,8",580,Gemeente Gooise Meren,Gooise Meren,Gooise Meren,1874,0.031056827033028953,16.32
104,Gorinchem,Zuid-Holland,0.54,0.24,38461,70%,17%,"12,44%","0,17%",0%,"3,80%","8,10%","0,54%",0%,"0,64%",0%,2066,"2,16",49.8,"50,2","36,8","13,4",345,Gemeente Gorinchem,Gorinchem,Gorinchem,863,0.02243831413639791,12.44
105,Gouda,Zuid-Holland,0.45,0.19,75316,74%,14%,"12,14%",0%,0%,"3,04%","8,40%","0,70%",0%,"0,70%",0%,4592,"2,12",55.7,"44,2","29,3","14,9",334,Gemeente Gouda,Gouda,Gouda,1075,0.014273195602528016,12.14
106,Groningen,Groningen,0.38,0.13,238147,65%,18%,"15,70%","0,03%",0%,"6,60%","8,50%","0,60%",0%,"0,96%","0,03%",1314,"1,65",40.2,"59,7","31,5","28,2",301,Gemeente Groningen,Groningen (gemeente),Groningen,7279,0.03056515513527359,15.7
107,Gulpen-Wittem,Limburg,0.66,0.28,14210,75%,14%,"10,63%",0%,0%,"2,33%","8,30%",0%,0%,"0,24%",0%,192,"2,09",66.9,"32,9","18,5","14,4",331,Gemeente Gulpen-Wittem,Gulpen-Wittem,Gulpen-Wittem,243,0.017100633356790993,10.63
108,Haaksbergen,Overijssel,0.76,0.23,24502,71%,19%,"8,64%",0%,0%,"1,95%","6,20%","0,49%",0%,"1,37%",0%,232,"2,3",69.5,"30,4","20,9","9,5",368,Gemeente Haaksbergen,Haaksbergen,Haaksbergen,332,0.0135499142927108,8.64
109,Haarlem,Noord-Holland,0.4,0.15,165396,71%,13%,"14,92%","0,01%",0%,"4,46%","9,50%","0,96%",0%,"0,95%",0%,5739,"2,04",52.5,"47,4","28,4",19,484,Gemeente Haarlem,Haarlem,Haarlem,3311,0.020018621973929236,14.92
110,Haarlemmermeer,Noord-Holland,0.63,0.26,162300,43%,15%,"41,35%","0,12%",0%,22%,19%,"0,35%",0%,"0,40%","0,01%",827,"2,33",66.7,"33,3","22,6","10,7",473,Gemeente Haarlemmermeer,Haarlemmermeer,Haarlemmermeer,55588,0.3425015403573629,41.35
111,Halderberge,Noord-Brabant,0.73,0.35,31041,69%,19%,"10,57%",0%,0%,"3,16%","7,10%","0,31%",0%,"1,13%",0%,419,"2,26",65.4,"34,6","29,1","5,5",357,Gemeente Halderberge,Halderberge,Halderberge,701,0.022583035340356303,10.57
112,Hardenberg,Overijssel,0.69,0.25,62509,67%,24%,"7,59%",0%,0%,"2,03%",5%,"0,56%",0%,"1,62%",0%,202,"2,41",70.4,"29,5",21,"8,5",329,Gemeente Hardenberg,Hardenberg,Hardenberg,983,0.01572573549408885,7.59
113,Harderwijk,Gelderland,0.56,0.21,48906,68%,19%,"11,92%",0%,0%,"3,49%","7,70%","0,73%",0%,"1,28%",0%,1269,"2,26",58.6,"41,3","27,2","14,1",391,Gemeente Harderwijk,Harderwijk,Harderwijk,1004,0.020529178423915266,11.92
114,Hardinxveld-Giessendam,Zuid-Holland,0.49,0.23,18681,69%,20%,"10,10%",0%,0%,"2,41%","7,10%","0,59%",0%,"0,84%",0%,1113,"2,51",65.8,"34,3",28,"6,3",360,Gemeente Hardinxveld-Giessendam,Hardinxveld-Giessendam,Hardinxveld-Giessendam,259,0.01386435415662973,10.1
115,Harlingen,Fryslï¿½n,0.61,0.28,16188,64%,25%,"9,17%",0%,0%,"2,50%","6,10%","0,57%",0%,"1,87%",0%,650,"2,03",56.1,"43,8","32,2","11,6",247,Gemeente Harlingen,Harlingen,Harlingen,249,0.015381764269829503,9.17
116,Hattem,Gelderland,0.54,0.19,12563,67%,18%,"13,31%",0%,0%,"3,08%","9,30%","0,93%",0%,"1,44%",0%,547,"2,35",66.5,"33,5","26,2","7,3",416,Gemeente Hattem,Hattem,Hattem,241,0.019183316086921913,13.31
117,Heemskerk,Noord-Holland,0.61,0.27,39431,74%,12%,"13,03%",0%,0%,"2,93%","9,40%","0,70%",0%,"0,96%",0%,1447,"2,2",59.4,"40,6","32,4","8,2",402,Gemeente Heemskerk,Heemskerk,Heemskerk,662,0.016788820978417995,13.03
118,Heemstede,Noord-Holland,0.52,0.12,27778,73%,9%,"17,31%",0%,0%,"4,80%",11%,"1,51%",0%,"0,44%",0%,3008,"2,2",65.3,"34,6","21,1","13,5",657,Gemeente Heemstede,Heemstede,Heemstede,731,0.02631578947368421,17.31
119,Heerde,Gelderland,0.61,0.24,19214,69%,20%,"9,27%",0%,0%,"2,72%",6%,"0,55%",0%,"1,40%",0%,245,"2,37",68.8,"31,1","23,5","7,6",429,Gemeente Heerde,Heerde,Heerde,344,0.01790361194962007,9.27
120,Heerenveen,Fryslï¿½n,0.59,0.23,51637,62%,28%,"8,99%","0,15%",0%,"3,15%","5,40%","0,44%","0,05%","1,21%",0%,273,"2,14",60.4,"39,6","27,9","11,7",325,Gemeente Heerenveen,Heerenveen,Heerenveen,1186,0.02296802680248659,8.99
121,Heerlen,Limburg,0.62,0.37,87122,78%,11%,"9,55%",0%,0%,"2,32%",7%,"0,23%",0%,"1,24%",0%,1948,"1,86",46.6,"53,2","36,3","16,9",202,Gemeente Heerlen,Heerlen,Heerlen,1225,0.0140607424071991,9.55
122,Heeze-Leende,Noord-Brabant,0.65,0.23,16627,69%,18%,"11,26%",0%,0%,"3,22%","7,40%","0,64%",0%,"1,34%",0%,162,"2,28",77.5,"22,4",14,"8,4",478,Gemeente Heeze-Leende,Heeze-Leende,Heeze-Leende,374,0.022493534612377457,11.26
123,Heiloo,Noord-Holland,0.52,0.16,24319,71%,13%,"15,32%",0%,"0,08%","4,54%","9,80%","0,98%",0%,"1,24%",0%,1300,"2,16",73.2,"26,7","16,4","10,3",516,Gemeente Heiloo,Heiloo,Heiloo,597,0.024548706772482422,15.32
124,Hellendoorn,Overijssel,0.72,0.21,36261,70%,18%,"10,92%",0%,0%,"2,78%","7,60%","0,54%",0%,"1,43%",0%,263,"2,37",72.9,27,"20,8","6,2",397,Gemeente Hellendoorn,Hellendoorn,Hellendoorn,716,0.019745732329500013,10.92
125,Helmond,Noord-Brabant,0.66,0.34,94898,72%,15%,"12,03%",0%,0%,"3,08%","8,30%","0,65%",0%,"1,30%",0%,1803,"2,19",53.6,"46,4","35,9","10,5",320,Gemeente Helmond,Helmond,Helmond,1754,0.018483002803009546,12.03
126,Hendrik-Ido-Ambacht,Zuid-Holland,0.58,0.27,32183,73%,11%,"15,26%",0%,0%,"3,55%",11%,"0,71%",0%,"0,58%",0%,3209,"2,52",72.3,"27,7",22,"5,7",413,Gemeente Hendrik-Ido-Ambacht,Hendrik-Ido-Ambacht,Hendrik-Ido-Ambacht,633,0.019668769225988876,15.26
127,Hengelo,Overijssel,0.63,0.22,82311,68%,14%,"16,77%",0%,0%,"6,60%","9,70%","0,47%",0%,"0,87%",0%,1365,"2,06",56.5,"43,5","30,4","13,1",306,Gemeente Hengelo,Hengelo (O.),Hengelo (O),3976,0.04830460084314369,16.77
128,Het Hogeland,Groningen,0.54,0.2,48298,69%,23%,"7,49%","0,06%",0%,"1,57%","5,70%","0,22%",0%,"0,91%",0%,101,"2,16",67.0,33,"24,5","8,5",262,Gemeente Het Hogeland,Het Hogeland,Het Hogeland,624,0.012919789639322539,7.49
129,Heumen,Gelderland,0.55,0.2,16824,72%,15%,"12,11%",0%,0%,"3,43%","8,10%","0,58%",0%,"1,07%",0%,424,"2,24",71.6,"28,4","18,6","9,8",415,Gemeente Heumen,Heumen,Heumen,363,0.021576319543509272,12.11
130,Heusden,Noord-Brabant,0.67,0.29,45830,69%,18%,"11,47%",0%,0%,"3,59%","7,30%","0,58%","0,05%","0,96%",0%,584,"2,27",67.9,"32,1","25,5","6,6",413,Gemeente Heusden,Heusden,Heusden,1143,0.024939995636046257,11.47
131,Hillegom,Zuid-Holland,0.63,0.27,22453,71%,15%,"12,99%",0%,0%,"4,32%",8%,"0,67%",0%,"1,07%",0%,1775,"2,17",67.0,33,"23,8","9,2",416,Gemeente Hillegom,Hillegom,Hillegom,594,0.026455262103059724,12.99
132,Hilvarenbeek,Noord-Brabant,0.65,0.21,15949,64%,22%,"12,24%",0%,0%,"3,09%","8,70%","0,45%",0%,"1,06%",0%,168,"2,3",75.2,"24,7","14,3","10,4",468,Gemeente Hilvarenbeek,Hilvarenbeek,Hilvarenbeek,346,0.02169415010345476,12.24
133,Hilversum,Noord-Holland,0.47,0.18,93345,69%,14%,"14,98%","0,28%",0%,"5,20%","8,80%","0,98%",0%,"0,95%",0%,2070,"2,07",53.7,"46,2","29,7","16,5",471,Gemeente Hilversum,Hilversum,Hilversum,2451,0.026257432106700947,14.98
134,Hoeksche Waard,Zuid-Holland,0.61,0.28,89760,69%,17%,"12,76%",0%,0%,"3,40%","8,80%","0,56%",0%,"1,17%",0%,336,"2,29",70.8,"29,1","24,2","4,9",382,Gemeente Hoeksche Waard,Hoeksche Waard,Hoeksche Waard,2092,0.023306595365418896,12.76
135,Hof van Twente,Overijssel,0.75,0.21,35455,69%,20%,"9,65%",0%,0%,"2,95%","6,20%","0,50%",0%,"1,20%",0%,167,"2,28",68.7,"31,3","19,5","11,8",359,Gemeente Hof van Twente,Hof van Twente,Hof van Twente,741,0.02089973205471725,9.65
136,Hollands Kroon,Noord-Holland,0.7,0.28,49431,64%,24%,"9,41%",0%,0%,"3,08%","5,90%","0,43%",0%,"2,25%",0%,138,"2,23",70.8,29,"21,6","7,4",355,Gemeente Hollands Kroon,Hollands Kroon,Hollands Kroon,1143,0.02312314134854646,9.41
137,Hoogeveen,Drenthe,0.66,0.32,56433,67%,24%,"8,24%",0%,0%,"1,96%","5,90%","0,38%",0%,"1,57%",0%,444,"2,2",61.5,"38,1","28,4","9,7",272,Gemeente Hoogeveen,Hoogeveen,Hoogeveen,796,0.014105222121808161,8.24
138,Hoorn,Noord-Holland,0.56,0.24,75216,68%,19%,"11,87%","0,08%",0%,"3,18%",8%,"0,69%",0%,"1,29%",0%,3713,"2,16",60.6,"39,4","29,4",10,349,Gemeente Hoorn,Hoorn,Hoorn,1378,0.0183205700914699,11.87
139,Horst aan de Maas,Limburg,0.69,0.29,43641,67%,19%,"10,62%","1,50%",0%,"4,10%","6,20%","0,32%",0%,"1,54%",0%,233,"2,23",75.3,"24,7","15,2","9,5",339,Gemeente Horst aan de Maas,Horst aan de Maas,Horst aan de Maas,1310,0.030017643958662726,10.62
140,Houten,Utrecht,0.52,0.18,50581,42%,14%,"43,20%",0%,0%,23%,20%,"0,20%",0%,"0,29%",0%,926,"2,38",67.1,"32,9","24,4","8,5",500,Gemeente Houten,Houten,Houten,25178,0.49777584468476305,43.2
141,Huizen,Noord-Holland,0.58,0.21,41252,73%,13%,"13,29%",0%,0%,"3,65%","8,90%","0,74%",0%,"0,98%",0%,2605,"2,15",58.7,"41,3","32,3",9,461,Gemeente Huizen,Huizen,Huizen,905,0.021938330262775137,13.29
142,Hulst,Zeeland,0.69,0.29,27596,75%,15%,"8,82%",0%,0%,"2,00%","6,70%","0,12%",0%,"0,91%",0%,136,"2,08",74.0,"25,2",18,"7,2",295,Gemeente Hulst,Hulst,Hulst,415,0.015038411363965791,8.82
143,IJsselstein,Utrecht,0.61,0.24,33492,71%,14%,"14,12%",0%,0%,"3,67%","9,80%","0,65%",0%,"0,86%",0%,1591,"2,29",63.9,"36,1","24,2","11,9",424,Gemeente IJsselstein,IJsselstein,IJsselstein,659,0.0196763406186552,14.12
144,Kaag en Braassem,Zuid-Holland,0.67,0.26,28573,70%,16%,"12,23%",0%,0%,"4,09%","7,60%","0,54%",0%,"0,84%",0%,462,"2,27",65.5,"34,3","26,7","7,6",464,Gemeente Kaag en Braassem,Kaag en Braassem,Kaag en Braassem,774,0.027088510131942745,12.23
145,Kampen,Overijssel,0.54,0.24,55614,68%,22%,"8,64%",0%,0%,"2,42%","5,80%","0,42%","0,05%","1,28%",0%,398,"2,39",63.4,"36,6","24,8","11,8",337,Gemeente Kampen,Kampen,Kampen,855,0.015373826734275542,8.64
146,Kapelle,Zeeland,0.55,0.21,13051,68%,19%,"11,53%",0%,0%,"3,39%","7,60%","0,54%",0%,"0,88%",0%,350,"2,35",76.8,"22,9","14,4","8,5",354,Gemeente Kapelle,Kapelle,Kapelle,301,0.023063366791816718,11.53
147,Katwijk,Zuid-Holland,0.61,0.32,66607,71%,15%,"13,45%",0%,0%,"3,23%","9,40%","0,82%","0,09%","0,67%",0%,2700,"2,4",65.0,"34,9","27,1","7,8",438,Gemeente Katwijk,Katwijk,Katwijk,1037,0.015568934196105515,13.45
148,Kerkrade,Limburg,0.7,0.44,45620,79%,11%,"8,57%",0%,0%,"1,76%","6,60%","0,21%",0%,"1,05%",0%,2068,"1,93",52.9,"46,5",32,"14,5",200,Gemeente Kerkrade,Kerkrade,Kerkrade,508,0.011135466900482244,8.57
149,Koggenland,Noord-Holland,0.68,0.24,23509,65%,24%,"9,72%",0%,0%,"2,76%","6,40%","0,56%",0%,"1,37%",0%,294,"2,36",78.7,"20,9","5,4","15,5",399,Gemeente Koggenland,Koggenland,Koggenland,471,0.020034880258624356,9.72
150,Krimpen aan den IJssel,Zuid-Holland,0.53,0.27,29504,75%,12%,"12,24%",0%,0%,"2,74%","8,90%","0,60%",0%,"0,59%",0%,3861,"2,32",59.8,"40,3","35,8","4,5",377,Gemeente Krimpen aan den IJssel,Krimpen aan den IJssel,Krimpen aan den IJssel,461,0.015625,12.24
151,Krimpenerwaard,Zuid-Holland,0.58,0.24,57700,67%,20%,"12,17%",0%,0%,"3,27%","8,30%","0,60%",0%,"1,17%",0%,390,"2,33",66.8,"33,2",26,"7,2",404,Gemeente Krimpenerwaard,Krimpenerwaard,Krimpenerwaard,1258,0.021802426343154248,12.17
152,Laarbeek,Noord-Brabant,0.7,0.3,23260,68%,20%,"10,05%",0%,0%,"2,83%","6,50%","0,72%",0%,"1,39%",0%,420,"2,32",69.6,"30,4","22,5","7,9",412,Gemeente Laarbeek,Laarbeek,Laarbeek,578,0.024849527085124678,10.05
153,Land van Cuijk,Noord-Brabant,0.66,0.26,91423,68%,21%,"9,54%",0%,0%,"2,71%","6,50%","0,33%",0%,"1,37%",0%,269,"2,25",68.7,"31,1","22,1",9,374,Gemeente Land van Cuijk,Land van Cuijk,Land van Cuijk,1806,0.019754328779409996,9.54
154,Landgraaf,Limburg,0.7,0.42,37175,78%,10%,"10,75%",0%,0%,"2,44%",8%,"0,31%",0%,"1,26%",0%,1510,"2,04",63.1,"36,6","27,8","8,8",248,Gemeente Landgraaf,Landgraaf,Landgraaf,574,0.015440484196368526,10.75
155,Landsmeer,Noord-Holland,0.57,0.25,11705,70%,14%,"15,24%",0%,0%,"4,02%",10%,"1,22%",0%,"0,97%",0%,520,"2,32",66.1,"33,8","26,2","7,6",580,Gemeente Landsmeer,Landsmeer,Landsmeer,276,0.02357966680905596,15.24
156,Lansingerland,Zuid-Holland,0.62,0.24,64754,67%,16%,"15,92%",0%,0%,"5,10%","9,90%","0,92%",0%,"0,98%",0%,1231,"2,55",73.0,"26,9","18,9",8,497,Gemeente Lansingerland,Lansingerland,Lansingerland,1978,0.030546375513481792,15.92
157,Laren,Noord-Holland,0.67,0.15,11712,70%,11%,"19,32%",0%,0%,"5,60%",12%,"1,72%",0%,"0,64%",0%,922,"2,11",68.2,"31,6","16,7","14,9",888,Gemeente Laren,Laren (NH.),Laren,424,0.036202185792349725,19.32
158,Leeuwarden,Fryslï¿½n,0.51,0.22,127073,68%,20%,"10,41%","0,22%",0%,"3,49%","6,50%","0,42%",0%,"1,19%",0%,542,"1,89",50.5,"49,4",28,"21,4",249,Gemeente Leeuwarden,Leeuwarden,Leeuwarden,2549,0.02005933597223643,10.41
159,Leiden,Zuid-Holland,0.36,0.15,127089,74%,12%,"13,05%",0%,0%,"3,21%",9%,"0,84%",0%,"0,73%",0%,5954,"1,75",40.6,"59,3","31,9","27,4",394,Gemeente Leiden,Leiden,Leiden,1466,0.011535223347417951,13.05
160,Leiderdorp,Zuid-Holland,0.53,0.2,27657,74%,10%,"15,37%",0%,0%,"3,58%",11%,"0,79%",0%,"0,51%",0%,2413,"2,16",64.2,"35,8","23,5","12,3",423,Gemeente Leiderdorp,Leiderdorp,Leiderdorp,514,0.018584806739704234,15.37
161,Leidschendam-Voorburg,Zuid-Holland,0.55,0.2,77753,75%,"9,30%","14,44%",0%,0%,"3,57%",10%,"0,87%",0%,"0,72%",0%,2399,"2,05",57.8,"42,2","24,9","17,3",389,Gemeente Leidschendam-Voorburg,Leidschendam-Voorburg,Leidschendam-Voorburg,1267,0.0162951911823338,14.44
162,Lelystad,Flevoland,0.6,0.3,83033,67%,17%,"13,86%",0%,0%,"4,68%","8,30%","0,88%",0%,"1,79%",0%,367,"2,24",62.0,38,28,10,342,Gemeente Lelystad,Lelystad,Lelystad,2217,0.026700227620343717,13.86
163,Leudal,Limburg,0.71,0.32,36141,70%,18%,"10,47%",0%,0%,"2,57%","7,70%","0,20%",0%,"1,74%",0%,222,"2,18",77.4,"22,6","12,5","10,1",338,Gemeente Leudal,Leudal,Leudal,722,0.01997731108713096,10.47
164,Leusden,Utrecht,0.53,0.16,31467,70%,14%,"14,16%",0%,0%,"4,33%","9,20%","0,63%",0%,"0,95%",0%,541,"2,25",71.0,29,"20,7","8,3",459,Gemeente Leusden,Leusden,Leusden,830,0.026376839228398005,14.16
165,Lingewaard,Gelderland,0.65,0.26,47220,71%,15%,"12,05%",0%,0%,"3,28%","8,10%","0,67%","0,11%","1,19%",0%,764,"2,32",72.9,"27,1","18,9","8,2",395,Gemeente Lingewaard,Lingewaard,Lingewaard,991,0.020986869970351547,12.05
166,Lisse,Zuid-Holland,0.62,0.24,23390,73%,13%,"12,27%",0%,0%,"3,40%","8,10%","0,77%",0%,"0,99%",0%,1494,"2,19",64.3,"35,7","26,5","9,2",408,Gemeente Lisse,Lisse,Lisse,468,0.020008550662676358,12.27
167,Lochem,Gelderland,0.6,0.14,34314,69%,18%,"11,23%",0%,0%,"3,79%","6,70%","0,74%",0%,"1,41%",0%,161,"2,2",71.1,"28,9","17,9",11,465,Gemeente Lochem,Lochem,Lochem,965,0.02812263216179985,11.23
168,Loon op Zand,Noord-Brabant,0.7,0.32,23797,73%,16%,"10,59%",0%,0%,"2,98%",7%,"0,61%",0%,"0,93%",0%,478,"2,26",65.4,"34,6","23,1","11,5",384,Gemeente Loon op Zand,Loon op Zand,Loon op Zand,445,0.018699836113795856,10.59
169,Lopik,Utrecht,0.65,0.29,14704,63%,27%,"9,39%",0%,0%,"2,73%","6,10%","0,56%",0%,"1,09%",0%,195,"2,47",74.2,"25,9","17,4","8,5",452,Gemeente Lopik,Lopik,Lopik,304,0.020674646354733407,9.39
170,Losser,Overijssel,0.8,0.27,23362,73%,17%,"9,09%",0%,0%,"2,31%","6,50%","0,28%",0%,"0,79%",0%,237,"2,32",70.3,"29,6","18,7","10,9",368,Gemeente Losser,Losser,Losser,380,0.016265730673743685,9.09
171,Maasdriel,Gelderland,0.73,0.37,26020,60%,28%,"11,14%",0%,0%,"3,94%","6,60%","0,60%",0%,"1,07%",0%,398,"2,28",71.6,"28,3","19,9","8,4",422,Gemeente Maasdriel,Maasdriel,Maasdriel,791,0.030399692544196773,11.14
172,Maasgouw,Limburg,0.71,0.35,24305,72%,15%,"10,86%",0%,0%,"2,50%","8,10%","0,26%",0%,"1,98%",0%,534,"2,13",74.3,"25,6","16,1","9,5",322,Gemeente Maasgouw,Maasgouw,Maasgouw,437,0.01797983953918947,10.86
173,Maashorst,Noord-Brabant,0.65,0.27,58934,63%,23%,"12,56%",0%,0%,"4,36%","7,80%","0,40%",0%,"1,31%",0%,431,"2,23",64.7,"35,2","25,4","9,8",402,Gemeente Maashorst,Maashorst,Maashorst,1863,0.03161163335256389,12.56
174,Maassluis,Zuid-Holland,0.6,0.28,35303,75%,11%,"13,25%",0%,0%,"2,65%","9,90%","0,70%",0%,"0,49%",0%,4243,"2,22",54.8,"45,1","38,8","6,3",324,Gemeente Maassluis,Maassluis,Maassluis,491,0.013908166444778065,13.25
175,Maastricht,Limburg,0.53,0.26,122734,76%,12%,"11,17%",0%,0%,"2,41%","8,40%","0,36%",0%,"1,02%",0%,2246,"1,68",38.0,"61,2","33,8","27,4",297,Gemeente Maastricht,Maastricht,Maastricht,1268,0.010331285544347939,11.17
176,Medemblik,Noord-Holland,0.66,0.26,46031,61%,27%,"9,74%",0%,0%,"3,21%","5,90%","0,63%","0,44%","1,86%",0%,379,"2,28",69.7,"30,2","23,1","7,1",387,Gemeente Medemblik,Medemblik,Medemblik,1029,0.022354500228107144,9.74
177,Meerssen,Limburg,0.65,0.3,18600,74%,13%,"11,47%",0%,0%,"2,68%","8,50%","0,29%",0%,"1,49%",0%,695,"2,13",72.4,"27,6","19,3","8,3",344,Gemeente Meerssen,Meerssen,Meerssen,347,0.018655913978494625,11.47
178,Meierijstad,Noord-Brabant,0.67,0.29,83715,65%,23%,"10,82%",0%,0%,"3,48%","6,80%","0,54%",0%,"1,21%",0%,458,"2,26",69.1,"30,9","21,1","9,8",420,Gemeente Meierijstad,Meierijstad,Meierijstad,2099,0.02507316490473631,10.82
179,Meppel,Drenthe,0.59,0.22,35464,67%,20%,"11,06%",0%,0%,"2,61%","7,80%","0,65%",0%,"1,42%",0%,645,"2,11",57.7,"42,3","30,7","11,6",298,Gemeente Meppel,Meppel,Meppel,597,0.01683397247913377,11.06
180,Middelburg,Zeeland,0.46,0.18,49956,73%,16%,"10,10%",0%,0%,"2,80%","6,90%","0,40%",0%,"0,64%",0%,1034,"2,03",60.3,"39,5","26,9","12,6",289,Gemeente Middelburg,Middelburg (Z.),Middelburg,757,0.015153334934742574,10.1
181,Midden-Delfland,Zuid-Holland,0.62,0.21,19472,66%,19%,"13,69%",0%,0%,"3,95%",9%,"0,74%",0%,"0,74%",0%,411,"2,4",73.1,"26,9","21,6","5,3",481,Gemeente Midden-Delfland,Midden-Delfland,Midden-Delfland,475,0.024394001643385375,13.69
182,Midden-Drenthe,Drenthe,0.66,0.24,33987,63%,27%,"8,18%",0%,0%,"2,26%","5,40%","0,52%",0%,"1,37%",0%,100,"2,25",71.0,29,"22,2","6,8",328,Gemeente Midden-Drenthe,Midden-Drenthe,Midden-Drenthe,627,0.018448230205666872,8.18
183,Midden-Groningen,Groningen,0.63,0.28,61554,69%,21%,"8,44%",0%,0%,"1,86%","6,20%","0,38%",0%,"1,61%",0%,221,"2,11",62.0,38,29,9,276,Gemeente Midden-Groningen,Midden-Groningen,Midden-Groningen,849,0.013792767326250122,8.44
184,Moerdijk,Noord-Brabant,0.7,0.33,37711,65%,23%,"11,15%",0%,0%,"3,08%","7,70%","0,37%","0,05%","1,10%",0%,239,"2,22",66.5,"33,4","26,6","6,8",353,Gemeente Moerdijk,Moerdijk,Moerdijk,915,0.024263477499933708,11.15
185,Molenlanden,Zuid-Holland,0.52,0.22,45158,65%,24%,"9,59%",0%,0%,"2,94%","6,30%","0,35%",0%,"1,03%",0%,249,"2,54",69.7,"30,3","24,7","5,6",413,Gemeente Molenlanden,Molenlanden,Molenlanden,1019,0.022565215465698216,9.59
186,Montferland,Gelderland,0.73,0.32,36882,71%,18%,"9,91%",0%,0%,"2,73%","6,80%","0,38%",0%,"1,09%",0%,349,"2,24",66.5,"33,4","23,1","10,3",295,Gemeente Montferland,Montferland,Montferland,722,0.019575944905373895,9.91
187,Montfoort,Utrecht,0.62,0.23,13929,66%,22%,"11,51%",0%,0%,"3,33%","7,50%","0,68%",0%,"1,31%",0%,369,"2,39",74.2,"25,8","16,1","9,7",455,Gemeente Montfoort,Montfoort,Montfoort,303,0.02175317682532845,11.51
188,Mook en Middelaar,Limburg,0.54,0.2,8043,70%,16%,"13,06%",0%,0%,"3,55%","8,80%","0,71%",0%,"1,29%",0%,469,"2,12",74.2,"25,8",16,"9,8",426,Gemeente Mook en Middelaar,Mook en Middelaar,Mook en Middelaar,199,0.0247420116871814,13.06
189,Neder-Betuwe,Gelderland,0.48,0.26,25448,63%,26%,"9,99%",0%,0%,"2,84%","6,50%","0,65%",0%,"1,25%",0%,429,"2,62",66.2,"33,8","27,8",6,368,Gemeente Neder-Betuwe,Neder-Betuwe,Neder-Betuwe,540,0.021219742219427854,9.99
190,Nederweert,Limburg,0.72,0.31,17499,68%,20%,"9,74%","0,08%",0%,"3,00%","6,30%","0,44%",0%,"1,82%",0%,175,"2,24",70.9,29,"19,2","9,8",376,Gemeente Nederweert,Nederweert,Nederweert,399,0.02280130293159609,9.74
191,Nieuwegein,Utrecht,0.58,0.27,65426,70%,15%,"14,42%",0%,0%,"3,82%",10%,"0,60%",0%,"0,88%","0,12%",2817,"2,12",57.8,"42,2","29,5","12,7",351,Gemeente Nieuwegein,Nieuwegein,Nieuwegein,1385,0.02116895423837618,14.42
192,Nieuwkoop,Zuid-Holland,0.68,0.26,29463,68%,20%,"11,91%",0%,0%,"3,54%","7,80%","0,57%",0%,"1,04%",0%,376,"2,35",72.5,"27,5","20,6","6,9",476,Gemeente Nieuwkoop,Nieuwkoop,Nieuwkoop,726,0.024641075246919865,11.91
193,Nijkerk,Gelderland,0.59,0.24,44975,68%,20%,"10,84%",0%,0%,"3,06%","7,10%","0,68%",0%,"1,05%",0%,654,"2,42",69.9,"30,1","22,9","7,2",470,Gemeente Nijkerk,Nijkerk,Nijkerk,923,0.020522512506948306,10.84
194,Nijmegen,Gelderland,0.35,0.15,182480,73%,14%,"11,38%","0,04%",0%,"3,25%","7,60%","0,53%","0,12%","1,25%",0%,3542,"1,78",43.5,"56,4","38,5","17,9",373,Gemeente Nijmegen,Nijmegen,Nijmegen,2725,0.014933143358176238,11.38
195,Nissewaard,Zuid-Holland,0.68,0.38,86833,73%,12%,"14,21%","0,04%",0%,"3,75%",10%,"0,46%","0,04%","0,85%",0%,1195,"2,18",58.9,"41,1","36,3","4,8",288,Gemeente Nissewaard,Nissewaard,Nissewaard,1868,0.02151255858947635,14.21
196,Noardeast-Fryslï¿½n,Fryslï¿½n,0.66,0.27,45812,66%,28%,"4,55%",0%,0%,"1,44%","2,87%","0,24%",0%,"1,06%",0%,121,"2,24",66.6,"33,3","23,8","9,5",283,Gemeente Noardeast-Fryslï¿½n,Noardeast-Fryslï¿½n,Noardeast-Fryslan,575,0.012551296603509997,4.55
197,Noord-Beveland,Zeeland,0.64,0.26,7857,66%,23%,"10,16%",0%,0%,"3,19%","6,80%","0,17%",0%,"0,83%",0%,92,"2,01",73.0,"24,2",13,"11,2",306,Gemeente Noord-Beveland,Noord-Beveland,Noord-Beveland,199,0.0253277332315133,10.16
198,Noordenveld,Drenthe,0.58,0.2,31591,69%,21%,"8,81%",0%,0%,"2,57%","5,60%","0,64%",0%,"1,28%",0%,159,"2,16",71.2,"28,8","18,9","9,9",367,Gemeente Noordenveld,Noordenveld,Noordenveld,607,0.019214333196163464,8.81
199,Noordoostpolder,Flevoland,0.64,0.24,49729,61%,27%,"10,46%",0%,0%,"3,88%","5,90%","0,68%",0%,"1,70%",0%,109,"2,31",65.4,"34,6","22,5","12,1",326,Gemeente Noordoostpolder,Noordoostpolder,Noordoostpolder,1309,0.026322668865249654,10.46
200,Noordwijk,Zuid-Holland,0.66,0.26,45179,70%,15%,"13,59%","0,05%",0%,"3,94%","8,80%","0,85%",0%,"1,00%",0%,784,"2,13",63.1,"36,5","20,9","15,6",494,Gemeente Noordwijk,Noordwijk,Noordwijk,1114,0.02465747360499347,13.59
201,"Nuenen, Gerwen en Nederwetten",Noord-Brabant,0.59,0.2,24015,70%,15%,"14,22%",0%,0%,"4,33%","9,20%","0,69%",0%,"1,06%",0%,720,"2,26",75.7,"24,3","15,3",9,494,"Gemeente Nuenen, Gerwen en Nederwetten","Nuenen, Gerwen en Nederwetten","Nuenen, Gerwen en Nederwetten",689,0.028690401832188215,14.22
202,Nunspeet,Gelderland,0.49,0.21,28731,68%,21%,"9,53%",0%,0%,"2,56%","6,30%","0,67%",0%,"1,26%",0%,226,"2,45",65.2,"34,8","22,9","11,9",425,Gemeente Nunspeet,Nunspeet,Nunspeet,498,0.017333194110890675,9.53
203,Oegstgeest,Zuid-Holland,0.47,0.13,25746,71%,11%,"16,81%",0%,0%,"4,66%",11%,"1,15%",0%,"0,47%",0%,3557,"2,25",72.1,"27,8","15,9","11,9",565,Gemeente Oegstgeest,Oegstgeest,Oegstgeest,595,0.023110386079390973,16.81
204,Oirschot,Noord-Brabant,0.7,0.27,19217,68%,20%,"10,69%",0%,0%,"3,71%","6,40%","0,58%",0%,"1,17%",0%,189,"2,33",75.5,"24,5","12,9","11,6",501,Gemeente Oirschot,Oirschot,Oirschot,516,0.02685122547744185,10.69
205,Oisterwijk,Noord-Brabant,0.65,0.23,32941,68%,17%,"13,24%",0%,0%,"4,02%","8,40%","0,82%",0%,"1,03%",0%,411,"2,21",68.5,"31,2","19,9","11,3",496,Gemeente Oisterwijk,Oisterwijk,Oisterwijk,888,0.02695728727118181,13.24
206,Oldambt,Groningen,0.66,0.33,39044,71%,20%,"7,69%",0%,0%,"2,03%","5,50%","0,16%",0%,"1,33%",0%,174,"2,04",63.3,"36,2","25,5","10,7",264,Gemeente Oldambt,Oldambt,Oldambt,582,0.014906259604548715,7.69
207,Oldebroek,Gelderland,0.56,0.25,24264,65%,25%,"7,96%",0%,0%,"2,23%","5,20%","0,53%",0%,"1,69%",0%,249,"2,5",69.2,"30,7","22,5","8,2",369,Gemeente Oldebroek,Oldebroek,Oldebroek,353,0.014548302011210023,7.96
208,Oldenzaal,Overijssel,0.73,0.23,31925,68%,20%,"11,68%",0%,0%,"3,30%",8%,"0,38%",0%,"0,71%",0%,1475,"2,18",62.5,"37,4","28,2","9,2",352,Gemeente Oldenzaal,Oldenzaal,Oldenzaal,679,0.021268598277212215,11.68
209,Olst-Wijhe,Overijssel,0.65,0.2,18682,70%,20%,"8,74%",0%,0%,"2,57%","5,60%","0,57%",0%,"1,95%",0%,166,"2,31",69.5,"30,5","22,5",8,390,Gemeente Olst-Wijhe,Olst-Wijhe,Olst-Wijhe,348,0.018627555936195268,8.74
210,Ommen,Overijssel,0.65,0.18,18955,65%,25%,"9,53%",0%,0%,"2,93%",6%,"0,60%",0%,"1,06%",0%,106,"2,32",71.0,"28,9","17,6","11,3",410,Gemeente Ommen,Ommen,Ommen,422,0.02226325507781588,9.53
211,Oost Gelre,Gelderland,0.73,0.21,29846,69%,21%,"9,41%","0,05%",0%,"2,58%","6,30%","0,53%",0%,"0,97%",0%,273,"2,29",74.4,"25,5","14,9","10,6",307,Gemeente Oost Gelre,Oost Gelre,Oost Gelre,537,0.017992360785364873,9.41
212,Oosterhout,Noord-Brabant,0.65,0.29,57425,68%,17%,"14,05%",0%,0%,"4,39%","9,20%","0,46%",0%,"0,87%",0%,811,"2,18",60.9,"38,8","31,7","7,1",366,Gemeente Oosterhout,Oosterhout,Oosterhout,1668,0.029046582498911625,14.05
213,Ooststellingwerf,Fryslï¿½n,0.66,0.27,25837,64%,27%,"6,97%",0%,0%,"2,01%","4,55%","0,41%",0%,"2,06%",0%,116,"2,17",67.4,"32,6","26,6",6,310,Gemeente Ooststellingwerf,Ooststellingwerf,Ooststellingwerf,397,0.015365561017145953,6.97
214,Oostzaan,Noord-Holland,0.63,0.31,9720,68%,17%,"14,15%",0%,0%,"3,76%","9,50%","0,89%",0%,"1,02%",0%,839,"2,32",67.1,"32,9",28,"4,9",490,Gemeente Oostzaan,Oostzaan,Oostzaan,228,0.02345679012345679,14.15
215,Opmeer,Noord-Holland,0.69,0.26,12180,69%,21%,"8,33%",0%,0%,"2,54%","5,30%","0,49%",0%,"1,58%",0%,294,"2,29",75.8,"24,2","1,8","22,4",379,Gemeente Opmeer,Opmeer,Opmeer,254,0.020853858784893268,8.33
216,Opsterland,Fryslï¿½n,0.6,0.23,30054,65%,27%,"6,52%",0%,0%,"2,18%","3,97%","0,37%",0%,"1,68%",0%,134,"2,29",70.3,"29,7","21,5","8,2",338,Gemeente Opsterland,Opsterland,Opsterland,522,0.01736873627470553,6.52
217,Oss,Noord-Brabant,0.63,0.32,94437,66%,21%,"11,32%","0,18%",0%,"3,36%","7,50%","0,46%","0,02%","1,23%",0%,584,"2,19",62.7,"37,3","27,1","10,2",365,Gemeente Oss,Oss,Oss,2103,0.022268814130054958,11.32
218,Oude IJsselstreek,Gelderland,0.69,0.24,39613,73%,18%,"8,34%",0%,0%,"2,22%","5,80%","0,32%",0%,"1,02%",0%,290,"2,22",66.2,"33,8","24,4","9,4",329,Gemeente Oude IJsselstreek,Oude IJsselstreek,Oude IJsselstreek,615,0.015525206371645672,8.34
219,Ouder-Amstel,Noord-Holland,0.48,0.14,14276,49%,12%,"38,05%",0%,0%,28%,"9,30%","0,75%",0%,"0,64%",0%,603,"2,16",55.2,"44,8","31,8",13,559,Gemeente Ouder-Amstel,Ouder-Amstel,Ouder-Amstel,859,0.06017091622303166,38.05
220,Oudewater,Utrecht,0.65,0.25,10232,63%,25%,"10,61%",0%,0%,"3,51%","6,40%","0,70%",0%,"0,91%",0%,263,"2,28",69.0,"30,9","21,4","9,5",420,Gemeente Oudewater,Oudewater,Oudewater,285,0.027853792025019548,10.61
221,Overbetuwe,Gelderland,0.61,0.25,48707,67%,19%,"13,52%",0%,0%,"4,36%","8,60%","0,56%",0%,"1,35%",0%,449,"2,36",68.3,"31,6","21,7","9,9",405,Gemeente Overbetuwe,Overbetuwe,Overbetuwe,1511,0.031022234997023015,13.52
222,Papendrecht,Zuid-Holland,0.61,0.29,32277,72%,14%,"13,15%",0%,0%,"3,45%","9,20%","0,50%","0,08%","0,74%",0%,3418,"2,23",65.5,"34,4","28,1","6,3",344,Gemeente Papendrecht,Papendrecht,Papendrecht,623,0.019301669919757104,13.15
223,Peel en Maas,Limburg,0.72,0.34,45276,71%,18%,"8,90%",0%,0%,"2,16%","6,40%","0,34%",0%,"1,79%",0%,286,"2,23",73.3,"26,5","19,5",7,357,Gemeente Peel en Maas,Peel en Maas,Peel en Maas,661,0.014599346231999294,8.9
224,Pekela,Groningen,0.72,0.42,12404,72%,20%,"6,00%",0%,0%,"1,27%","4,27%","0,46%",0%,"2,31%",0%,255,"2,15",64.2,"35,7","24,4","11,3",203,Gemeente Pekela,Pekela,Pekela,122,0.009835536923573042,6.0
225,Pijnacker-Nootdorp,Zuid-Holland,0.61,0.24,57672,68%,14%,"17,15%",0%,0%,"5,20%",11%,"0,95%",0%,"0,66%",0%,1571,"2,5",71.8,"28,2","19,5","8,7",500,Gemeente Pijnacker-Nootdorp,Pijnacker-Nootdorp,Pijnacker-Nootdorp,1566,0.027153558052434457,17.15
226,Purmerend,Noord-Holland,0.64,0.32,93992,71%,14%,"13,82%",0%,0%,"3,37%","9,70%","0,75%",0%,"0,94%",0%,1017,"2,17",59.8,"40,2","31,9","8,3",394,Gemeente Purmerend,Purmerend,Purmerend,1824,0.0194059068856924,13.82
227,Putten,Gelderland,0.59,0.23,24904,67%,22%,"9,13%",0%,0%,"2,47%",6%,"0,66%",0%,"1,33%",0%,293,"2,43",67.1,"32,8","21,7","11,1",485,Gemeente Putten,Putten,Putten,420,0.016864760681015098,9.13
228,Raalte,Overijssel,0.73,0.18,38500,67%,22%,"9,83%","0,16%",0%,"3,15%","6,10%","0,58%",0%,"1,42%",0%,224,"2,31",69.3,"30,6","23,5","7,1",390,Gemeente Raalte,Raalte,Raalte,846,0.021974025974025976,9.83
229,Reimerswaal,Zeeland,0.46,0.23,23255,67%,25%,"7,66%",0%,0%,"2,11%","5,10%","0,45%",0%,"0,75%",0%,229,"2,45",70.6,"28,7","21,1","7,6",296,Gemeente Reimerswaal,Reimerswaal,Reimerswaal,337,0.014491507202752097,7.66
230,Renkum,Gelderland,0.47,0.16,31461,72%,13%,"13,53%",0%,0%,"4,14%","8,70%","0,69%",0%,"1,27%",0%,684,"2,03",63.3,"36,6","20,8","15,8",414,Gemeente Renkum,Renkum,Renkum,800,0.025428308063952194,13.53
231,Renswoude,Utrecht,0.58,0.24,5747,62%,27%,"9,69%",0%,0%,"2,46%","6,50%","0,73%",0%,"1,04%",0%,313,"2,55",74.2,"25,5",0,"25,5",516,Gemeente Renswoude,Renswoude,Renswoude,109,0.018966417261179747,9.69
232,Reusel-De Mierden,Noord-Brabant,0.71,0.29,13542,67%,24%,"8,02%",0%,0%,"1,96%","5,80%","0,26%",0%,"1,27%",0%,174,"2,33",76.6,"23,3",13,"10,3",439,Gemeente Reusel-De Mierden,Reusel-De Mierden,Reusel-De Mierden,198,0.014621178555604785,8.02
233,Rheden,Gelderland,0.52,0.22,43570,72%,15%,"11,83%","0,06%",0%,"3,64%","7,70%","0,49%",0%,"1,53%",0%,534,"1,99",55.8,"44,2","28,6","15,6",361,Gemeente Rheden,Rheden,Rheden,952,0.021849896717925178,11.83
234,Rhenen,Utrecht,0.52,0.24,20329,67%,19%,"12,58%",0%,0%,"2,68%","9,20%","0,70%",0%,"1,29%",0%,482,"2,34",64.7,"35,3","27,2","8,1",435,Gemeente Rhenen,Rhenen,Rhenen,377,0.018544935805991442,12.58
235,Ridderkerk,Zuid-Holland,0.59,0.32,47477,71%,15%,"13,59%",0%,0%,"3,27%","9,90%","0,42%",0%,"0,69%",0%,2033,"2,21",57.3,"42,7","38,1","4,6",342,Gemeente Ridderkerk,Ridderkerk,Ridderkerk,898,0.01891442171999073,13.59
236,Rijssen-Holten,Overijssel,0.55,0.19,38493,64%,23%,"11,07%","0,14%",0%,"3,22%","7,30%","0,55%",0%,"1,23%",0%,411,"2,59",69.2,"30,8","20,9","9,9",380,Gemeente Rijssen-Holten,Rijssen-Holten,Rijssen-Holten,875,0.022731405710129115,11.07
237,Rijswijk,Zuid-Holland,0.55,0.26,57997,71%,12%,"16,32%",0%,0%,"4,48%",11%,"0,84%",0%,"0,61%",0%,4267,"2,04",49.0,"50,9","32,1","18,8",355,Gemeente Rijswijk,Rijswijk (ZH.),Rijswijk,1293,0.022294256599479284,16.32
238,Roerdalen,Limburg,0.72,0.38,20702,74%,14%,"10,62%",0%,0%,"2,32%","8,30%",0%,0%,"1,42%",0%,236,"2,13",74.5,"25,4","16,1","9,3",307,Gemeente Roerdalen,Roerdalen,Roerdalen,351,0.016954883586126943,10.62
239,Roermond,Limburg,0.62,0.32,59981,72%,15%,"12,20%",0%,0%,"3,02%","8,70%","0,48%",0%,"1,28%",0%,1002,"2,02",54.3,"45,5","29,4","16,1",292,Gemeente Roermond,Roermond,Roermond,1094,0.018239109051199548,12.2
240,Roosendaal,Noord-Brabant,0.65,0.3,77613,71%,17%,"10,53%",0%,0%,"2,66%","7,50%","0,37%",0%,"0,64%",0%,728,"2,11",61.7,"38,1","27,3","10,8",300,Gemeente Roosendaal,Roosendaal,Roosendaal,1355,0.017458415471634906,10.53
241,Rotterdam,Zuid-Holland,0.44,0.21,663900,70%,16%,"13,38%","0,03%",0%,"4,04%","8,60%","0,74%",0%,"0,95%",0%,3070,"1,93",34.5,"65,4","43,3","22,1",334,Gemeente Rotterdam,Rotterdam,Rotterdam,10785,0.01624491640307275,13.38
242,Rozendaal,Gelderland,0.54,0.08,1754,64%,15%,"20,81%",0%,0%,"7,50%",11%,"2,31%",0%,0%,0%,66,"2,43",88.6,"11,4","6,5","4,9",769,Gemeente Rozendaal,Rozendaal,Rozendaal,96,0.05473204104903079,20.81
243,Rucphen,Noord-Brabant,0.83,0.54,23636,71%,19%,"9,84%",0%,0%,"2,63%","6,80%","0,41%",0%,"1,03%",0%,372,"2,28",66.9,"33,1","28,1",5,370,Gemeente Rucphen,Rucphen,Rucphen,465,0.019673379590455238,9.84
244,Schagen,Noord-Holland,0.64,0.24,47450,67%,21%,"10,49%",0%,0%,"3,18%","6,70%","0,61%",0%,"1,67%",0%,284,"2,2",69.5,"30,4","21,3","9,1",359,Gemeente Schagen,Schagen,Schagen,1055,0.022233930453108536,10.49
245,Scherpenzeel,Gelderland,0.57,0.24,10386,67%,22%,"9,93%",0%,0%,"2,34%",7%,"0,59%",0%,"0,92%",0%,750,"2,43",73.2,"26,7","16,7",10,417,Gemeente Scherpenzeel,Scherpenzeel,Scherpenzeel,165,0.01588677065280185,9.93
246,Schiedam,Zuid-Holland,0.53,0.28,80628,70%,16%,"13,30%","0,09%",0%,"3,47%","9,20%","0,63%",0%,"0,92%",0%,4596,"2,08",49.0,"50,9","30,6","20,3",299,Gemeente Schiedam,Schiedam,Schiedam,1331,0.016507912883861685,13.3
247,Schiermonnikoog,Fryslï¿½n,0.47,0.11,982,71%,26%,"2,76%",0%,0%,0%,"2,76%",0%,0%,0%,0%,23,"1,71",52.9,"46,4","25,8","20,6",405,Gemeente Schiermonnikoog,Schiermonnikoog,Schiermonnikoog,9,0.009164969450101833,2.76
248,Schouwen-Duiveland,Zeeland,0.59,0.24,34561,66%,23%,"10,49%",0%,0%,"3,18%",7%,"0,31%",0%,"0,88%",0%,151,"2,13",68.0,"31,7",24,"7,7",382,Gemeente Schouwen-Duiveland,Schouwen-Duiveland,Schouwen-Duiveland,788,0.022800266196001274,10.49
249,s-Gravenhage,Zuid-Holland,0.47,0.22,562839,66%,17%,"16,49%","0,03%",0%,"6,60%","9,40%","0,49%",0%,"0,71%",0%,6868,"1,97",41.8,"57,9","30,4","27,5",363,Gemeente Den Bosch,s-Gravenhage (gemeente),'s-Gravenhage,14962,0.026583090368648938,16.49
250,s-Hertogenbosch,Noord-Brabant,0.54,0.24,158753,65%,17%,"16,88%","0,01%",0%,"6,10%","9,80%","0,98%","0,04%","0,84%","0,01%",1468,"2,04",52.1,"47,8","33,3","14,5",406,Gemeente Den Haag,s-Hertogenbosch,'s-Hertogenbosch,6729,0.04238660056817824,16.88
251,Simpelveld,Limburg,0.71,0.37,10396,80%,10%,"9,33%",0%,0%,"2,13%",7%,"0,20%",0%,"0,74%",0%,640,"2,08",63.8,36,"24,1","11,9",253,Gemeente Simpelveld,Simpelveld,Simpelveld,149,0.014332435552135437,9.33
252,Sint-Michielsgestel,Noord-Brabant,0.62,0.25,30135,66%,20%,"12,52%",0%,0%,"3,37%","8,40%","0,75%",0%,"1,00%",0%,516,"2,36",74.7,"25,3","16,3",9,465,Gemeente Sint-Michielsgestel,Sint-Michielsgestel,Sint-Michielsgestel,695,0.02306288369006139,12.52
253,Sittard-Geleen,Limburg,0.64,0.34,92234,73%,14%,"11,94%",0%,0%,"3,34%","8,40%","0,20%",0%,"1,15%",0%,1179,"1,97",58.5,"41,4","27,7","13,7",252,Gemeente Sittard-Geleen,Sittard-Geleen,Sittard-Geleen,2090,0.022659756705770105,11.94
254,Sliedrecht,Zuid-Holland,0.51,0.26,26184,70%,17%,"11,66%",0%,0%,"3,00%","8,20%","0,46%",0%,"1,98%",0%,2044,"2,31",58.0,42,"33,7","8,3",314,Gemeente Sliedrecht,Sliedrecht,Sliedrecht,423,0.016154903758020166,11.66
255,Sluis,Zeeland,0.68,0.27,23243,70%,21%,"8,63%",0%,0%,"1,77%","6,70%","0,16%",0%,"0,67%",0%,83,"2,01",67.2,28,"15,9","12,1",322,Gemeente Sluis,Sluis,Sluis,331,0.0142408467065353,8.63
256,Smallingerland,Fryslï¿½n,0.57,0.24,56098,59%,24%,"15,38%","0,13%",0%,"8,10%","6,90%","0,38%",0%,"1,14%","0,03%",484,"2,14",59.7,"40,2",30,"10,2",287,Gemeente Smallingerland,Smallingerland,Smallingerland,3371,0.060091268850939426,15.38
257,Soest,Utrecht,0.56,0.2,47439,70%,15%,"13,86%","0,06%",0%,"4,20%","8,80%","0,86%",0%,"1,37%",0%,1031,"2,22",64.2,"35,7","21,6","14,1",454,Gemeente Soest,Soest,Soest,1286,0.02710849722801914,13.86
258,Someren,Noord-Brabant,0.75,0.3,20061,64%,25%,"9,60%",0%,0%,"2,78%","6,30%","0,52%",0%,"1,56%",0%,252,"2,33",72.4,"27,5","20,3","7,2",408,Gemeente Someren,Someren,Someren,408,0.020337969193958427,9.6
259,Son en Breugel,Noord-Brabant,0.62,0.22,18010,65%,20%,"13,75%","0,13%",0%,"4,69%","8,30%","0,76%",0%,"1,01%",0%,692,"2,32",74.7,"25,3","15,4","9,9",490,Gemeente Son en Breugel,Son en Breugel,Son en Breugel,616,0.03420322043309273,13.75
260,Stadskanaal,Groningen,0.66,0.33,32135,68%,22%,"8,15%",0%,0%,"1,89%","5,90%","0,36%",0%,"1,59%",0%,272,"2,11",60.5,"38,9",30,"8,9",264,Gemeente Stadskanaal,Stadskanaal,Stadskanaal,466,0.014501322545511125,8.15
261,Staphorst,Overijssel,0.46,0.21,17628,63%,31%,"5,22%",0%,0%,"1,18%","3,67%","0,37%",0%,"1,31%",0%,132,"2,78",78.0,22,"10,7","11,3",358,Gemeente Staphorst,Staphorst,Staphorst,222,0.01259360108917631,5.22
262,Stede Broec,Noord-Holland,0.68,0.31,22138,72%,16%,"10,71%",0%,0%,"2,66%","7,30%","0,75%",0%,"1,75%",0%,1534,"2,29",70.0,30,"24,9","5,1",363,Gemeente Stede Broec,Stede Broec,Stede Broec,335,0.015132351612611799,10.71
263,Steenbergen,Noord-Brabant,0.74,0.37,24610,70%,19%,"9,30%",0%,0%,"2,65%","6,30%","0,35%",0%,"1,25%",0%,167,"2,18",70.2,"29,7","21,6","8,1",345,Gemeente Steenbergen,Steenbergen,Steenbergen,593,0.024095895977245024,9.3
264,Steenwijkerland,Overijssel,0.66,0.25,45376,63%,27%,"8,89%",0%,0%,"2,25%","6,20%","0,44%",0%,"1,26%",0%,158,"2,22",66.2,"33,8",25,"8,8",323,Gemeente Steenwijkerland,Steenwijkerland,Steenwijkerland,790,0.017410084626234133,8.89
265,Stein,Limburg,0.7,0.38,24772,75%,13%,"10,14%",0%,0%,"2,21%","7,70%","0,23%","0,06%","1,76%",0%,1183,"2,12",71.8,"28,1","21,8","6,3",291,Gemeente Stein,Stein (L.),Stein,391,0.01578394962053932,10.14
266,Stichtse Vecht,Utrecht,0.59,0.23,65771,69%,14%,"15,67%",0%,0%,"5,30%","9,50%","0,87%",0%,"0,95%",0%,686,"2,24",65.0,35,"21,8","13,2",460,Gemeente Stichtse Vecht,Stichtse Vecht,Stichtse Vecht,2199,0.03343418832008028,15.67
267,Sï¿½dwest-Fryslï¿½n,Fryslï¿½n,0.62,0.23,90883,64%,27%,"7,67%",0%,0%,"2,38%","4,90%","0,39%",0%,"1,10%",0%,173,"2,16",65.1,"34,7","25,8","8,9",300,Gemeente Sï¿½dwest-Fryslï¿½n,Sï¿½dwest-Fryslï¿½n,Sudwest-Fryslan,1608,0.017693077913361135,7.67
268,Terneuzen,Zeeland,0.63,0.3,54993,73%,16%,"10,27%",0%,0%,"2,24%","7,70%","0,33%",0%,"0,79%",0%,220,"2,06",68.1,"30,6","18,4","12,2",243,Gemeente Terneuzen,Terneuzen,Terneuzen,831,0.015111014129070973,10.27
269,Terschelling,Fryslï¿½n,0.59,0.2,4928,68%,27%,"5,07%",0%,0%,"0,94%","3,79%","0,34%",0%,"0,34%",0%,56,"1,83",63.0,"37,1","19,2","17,9",437,Gemeente Terschelling,Terschelling,Terschelling,55,0.011160714285714286,5.07
270,Texel,Noord-Holland,0.6,0.21,13979,63%,28%,"7,72%",0%,0%,"2,73%","4,50%","0,49%",0%,"0,56%",0%,85,2,66.3,"33,5","21,6","11,9",395,Gemeente Texel,Texel,Texel,261,0.018670863438014162,7.72
271,Teylingen,Zuid-Holland,0.61,0.21,38510,68%,14%,"17,42%",0%,0%,"6,70%",10%,"0,72%",0%,"0,75%",0%,1358,"2,27",65.5,"34,4","21,7","12,7",462,Gemeente Teylingen,Teylingen,Teylingen,1582,0.04108023889898728,17.42
272,Tholen,Zeeland,0.54,0.27,26825,67%,23%,"8,59%",0%,0%,"2,70%","5,50%","0,39%",0%,"1,30%",0%,183,"2,39",72.1,"27,7",21,"6,7",287,Gemeente Tholen,Tholen,Tholen,504,0.018788443616029823,8.59
273,Tiel,Gelderland,0.61,0.3,42604,63%,19%,"16,37%","0,03%",0%,"6,80%","9,20%","0,37%",0%,"1,34%",0%,1292,"2,18",56.2,"43,7","33,9","9,8",348,Gemeente Tiel,Tiel,Tiel,2117,0.04969016993709511,16.37
274,Tilburg,Noord-Brabant,0.52,0.23,227707,63%,16%,"20,14%","0,04%",0%,"8,70%",11%,"0,44%",0%,"0,76%",0%,1826,"1,95",49.7,"50,3","31,7","18,6",326,Gemeente Tilburg,Tilburg,Tilburg,12811,0.05626089667862648,20.14
275,Tubbergen,Overijssel,0.87,0.26,21408,62%,27%,"10,13%",0%,0%,"2,93%",7%,"0,20%",0%,"0,47%",0%,146,"2,52",72.3,"27,4","11,6","15,8",426,Gemeente Tubbergen,Tubbergen,Tubbergen,561,0.026205156950672645,10.13
276,Twenterand,Overijssel,0.74,0.29,33867,68%,23%,"7,65%",0%,0%,"1,71%","5,60%","0,34%",0%,"1,46%",0%,321,"2,48",66.8,"33,2","25,1","8,1",339,Gemeente Twenterand,Twenterand,Twenterand,410,0.0121061800572829,7.65
277,Tynaarlo,Drenthe,0.52,0.16,34592,59%,18%,"22,20%",0%,0%,13%,"8,40%","0,80%",0%,"0,91%",0%,243,"2,28",76.9,23,"14,6","8,4",409,Gemeente Tynaarlo,Tynaarlo,Tynaarlo,3498,0.10112164662349676,22.2
278,Tytsjerksteradiel,Fryslï¿½n,0.61,0.24,32408,65%,27%,"6,94%",0%,0%,"2,18%","4,52%","0,24%",0%,"1,20%",0%,219,"2,27",72.0,28,"19,1","8,9",295,Gemeente Tytsjerksteradiel,Tytsjerksteradiel,Tytsjerksteradiel,529,0.016323130091335472,6.94
279,Uitgeest,Noord-Holland,0.61,0.24,13472,71%,15%,"12,42%",0%,0%,"3,57%","8,10%","0,75%",0%,"1,52%",0%,700,"2,34",72.8,"27,2","21,1","6,1",443,Gemeente Uitgeest,Uitgeest,Uitgeest,268,0.01989311163895487,12.42
280,Uithoorn,Noord-Holland,0.62,0.24,31442,70%,14%,"15,26%","0,06%",0%,"4,47%",10%,"0,79%",0%,"0,80%",0%,1749,"2,28",59.8,"40,1","30,8","9,3",433,Gemeente Uithoorn,Uithoorn,Uithoorn,835,0.026556834806946122,15.26
281,Urk,Flevoland,0.38,0.26,21829,59%,24%,"15,71%",0%,0%,"2,11%",13%,"0,60%",0%,"0,95%",0%,1671,"3,17",77.7,"22,3","13,7","8,6",343,Gemeente Urk,Urk,Urk,213,0.009757661826011269,15.71
282,Utrecht,Utrecht,0.29,0.1,367947,65%,16%,"17,58%","0,03%",0%,"8,20%","8,60%","0,78%","0,01%","0,98%",0%,3991,"1,92",44.0,"55,8","30,7","25,1",450,Gemeente Utrecht,Utrecht (gemeente),Utrecht,9351,0.025413986253454982,17.58
283,Utrechtse Heuvelrug,Utrecht,0.48,0.15,50429,68%,16%,"14,41%",0%,0%,"4,49%",9%,"0,92%",0%,"1,42%",0%,383,"2,19",64.2,"35,7","22,9","12,8",508,Gemeente Utrechtse Heuvelrug,Utrechtse Heuvelrug,Utrechtse Heuvelrug,1379,0.027345376668186955,14.41
284,Vaals,Limburg,0.64,0.3,10190,80%,10%,"8,41%",0%,0%,"2,44%","5,70%","0,27%",0%,"1,06%",0%,424,"1,79",44.1,"54,1",27,"27,1",220,Gemeente Vaals,Vaals,Vaals,136,0.013346418056918547,8.41
285,Valkenburg aan de Geul,Limburg,0.66,0.3,16423,76%,12%,"10,84%",0%,0%,"2,59%","7,80%","0,45%",0%,"1,15%",0%,447,"1,99",60.1,"39,8","17,8",22,319,Gemeente Valkenburg aan de Geul,Valkenburg aan de Geul,Valkenburg aan de Geul,268,0.016318577604578943,10.84
286,Valkenswaard,Noord-Brabant,0.68,0.3,31527,72%,14%,"12,57%",0%,0%,"3,64%","8,40%","0,53%",0%,"1,07%",0%,578,"2,1",60.2,"39,8","28,9","10,9",380,Gemeente Valkenswaard,Valkenswaard,Valkenswaard,795,0.0252164811114283,12.57
287,Veendam,Groningen,0.66,0.32,27616,70%,19%,"8,99%",0%,0%,"2,03%","6,60%","0,36%",0%,"1,72%",0%,362,"2,12",65.1,"34,8","23,8",11,226,Gemeente Veendam,Veendam,Veendam,409,0.014810254924681344,8.99
288,Veenendaal,Utrecht,0.52,0.22,68525,68%,15%,"15,12%","0,04%",0%,"3,44%",11%,"0,68%",0%,"0,88%",0%,3575,"2,31",59.5,"40,6","30,8","9,8",389,Gemeente Veenendaal,Veenendaal,Veenendaal,1411,0.02059102517329442,15.12
289,Veere,Zeeland,0.51,0.15,22045,69%,21%,"9,66%",0%,0%,"2,64%","6,60%","0,42%",0%,"0,41%",0%,166,"2,24",78.7,"20,3",10,"10,3",436,Gemeente Veere,Veere,Veere,398,0.018053980494443185,9.66
290,Veldhoven,Noord-Brabant,0.65,0.27,46417,71%,15%,"13,04%",0%,0%,"3,33%",9%,"0,71%",0%,"0,96%",0%,1478,"2,2",67.0,"32,9","23,5","9,4",459,Gemeente Veldhoven,Veldhoven,Veldhoven,973,0.020962147489066506,13.04
291,Velsen,Noord-Holland,0.61,0.3,68790,73%,14%,"11,80%",0%,0%,"2,62%","8,50%","0,68%",0%,"1,18%",0%,1538,"2,15",56.5,"43,5","35,6","7,9",395,Gemeente Velsen,Velsen,Velsen,1041,0.01513301351940689,11.8
292,Venlo,Limburg,0.66,0.36,103328,75%,14%,"9,72%","0,03%",0%,"2,22%","7,20%","0,30%",0%,"1,10%",0%,836,"2,06",58.4,"41,5","27,9","13,6",288,Gemeente Venlo,Venlo,Venlo,1385,0.013403917621554661,9.72
293,Venray,Limburg,0.67,0.28,44628,68%,21%,"10,15%",0%,0%,"2,58%","7,30%","0,27%",0%,"0,93%",0%,274,"2,17",64.2,"35,7","25,8","9,9",328,Gemeente Venray,Venray,Venray,809,0.018127632876221208,10.15
294,Vijfheerenlanden,Utrecht,0.57,0.25,60052,62%,20%,"16,06%",0%,0%,"4,60%",11%,"0,46%",0%,"0,96%","0,06%",422,"2,39",63.1,"36,9","29,9",7,390,Gemeente Vijfheerenlanden,Vijfheerenlanden,Vijfheerenlanden,2217,0.03691800439618997,16.06
295,Vlaardingen,Zuid-Holland,0.57,0.3,75079,73%,13%,"12,34%",0%,0%,"2,62%",9%,"0,72%",0%,"0,91%",0%,3270,"2,08",46.6,"53,3","40,9","12,4",290,Gemeente Vlaardingen,Vlaardingen,Vlaardingen,1015,0.013519093221806364,12.34
296,Vlieland,Fryslï¿½n,0.51,0.15,1291,65%,30%,"4,58%",0%,0%,0%,"4,58%",0%,0%,0%,0%,30,"1,64",37.2,62,"32,1","29,9",402,Gemeente Vlieland,Vlieland,Vlieland,5,0.0038729666924864447,4.58
297,Vlissingen,Zeeland,0.58,0.27,45150,75%,15%,"9,21%",0%,0%,"2,00%","6,80%","0,41%",0%,"0,92%",0%,1321,"1,93",56.6,"43,1","28,1",15,247,Gemeente Vlissingen,Vlissingen,Vlissingen,501,0.011096345514950166,9.21
298,Voerendaal,Limburg,0.65,0.3,12405,76%,12%,"11,28%",0%,0%,"2,93%","8,10%","0,25%",0%,"0,87%",0%,393,"2,19",70.2,"29,6","20,7","8,9",326,Gemeente Voerendaal,Voerendaal,Voerendaal,238,0.019185812172511085,11.28
299,Voorne aan Zee,Zuid-Holland,0.7,0.34,73945,71%,13%,"13,85%",0%,0%,"3,35%","9,90%","0,60%",0%,"1,34%",0%,610,"2,18",67.6,"32,4","22,2","10,2",389,Gemeente Voorne aan Zee,Voorne aan Zee,Voorne aan Zee,1648,0.022286834809655827,13.85
300,Voorschoten,Zuid-Holland,0.54,0.18,25665,76%,"9,80%","13,64%",0%,0%,"3,34%","9,50%","0,80%",0%,"0,59%",0%,2306,"2,2",63.8,"36,2","22,1","14,1",501,Gemeente Voorschoten,Voorschoten,Voorschoten,432,0.016832261835184104,13.64
301,Voorst,Gelderland,0.66,0.19,25215,69%,20%,"9,16%",0%,0%,"3,02%","5,50%","0,64%",0%,"1,51%",0%,206,"2,32",68.4,"31,5","23,2","8,3",455,Gemeente Voorst,Voorst,Voorst,611,0.024231608169740234,9.16
302,Vught,Noord-Brabant,0.57,0.19,32113,70%,17%,"12,95%",0%,0%,"4,03%",8%,"0,92%",0%,"0,75%",0%,539,"2,25",64.6,"35,4","24,5","10,9",523,Gemeente Vught,Vught,Vught,783,0.02438264877152555,12.95
303,Waadhoeke,Fryslï¿½n,0.63,0.24,46718,65%,26%,"6,95%",0%,0%,"1,77%","4,85%","0,33%",0%,"1,69%",0%,164,"2,2",68.0,32,"23,9","8,1",257,Gemeente Waadhoeke,Waadhoeke,Waadhoeke,670,0.014341367353054498,6.95
304,Waalre,Noord-Brabant,0.56,0.18,17980,72%,13%,"14,35%",0%,0%,"3,92%","9,50%","0,93%",0%,"1,19%",0%,804,"2,25",74.1,"25,9","16,3","9,6",511,Gemeente Waalre,Waalre,Waalre,434,0.02413793103448276,14.35
305,Waalwijk,Noord-Brabant,0.66,0.32,49952,70%,18%,"10,73%",0%,0%,"3,31%",7%,"0,42%",0%,"1,09%",0%,779,"2,15",60.6,"39,4","30,1","9,3",351,Gemeente Waalwijk,Waalwijk,Waalwijk,1368,0.027386290839205636,10.73
306,Waddinxveen,Zuid-Holland,0.56,0.25,32601,68%,15%,"16,06%",0%,0%,"4,32%",11%,"0,74%",0%,"1,04%",0%,1225,"2,42",65.8,"34,2","25,3","8,9",387,Gemeente Waddinxveen,Waddinxveen,Waddinxveen,910,0.027913254194656605,16.06
307,Wageningen,Gelderland,0.31,0.1,40960,70%,14%,"14,29%",0%,0%,"4,24%","9,50%","0,55%",0%,"1,36%",0%,1400,"1,64",42.4,"57,5","40,4","17,1",352,Gemeente Wageningen,Wageningen,Wageningen,707,0.0172607421875,14.29
308,Wassenaar,Zuid-Holland,0.66,0.21,27093,72%,11%,"16,49%",0%,0%,5%,10%,"1,49%",0%,"0,49%",0%,530,"2,2",57.4,"42,5","25,8","16,7",729,Gemeente Wassenaar,Wassenaar,Wassenaar,753,0.02779315690399734,16.49
309,Waterland,Noord-Holland,0.57,0.21,17609,69%,17%,"13,30%",0%,0%,"3,71%","8,90%","0,69%",0%,"1,06%",0%,337,"2,22",69.7,"30,3","24,8","5,5",467,Gemeente Waterland,Waterland,Waterland,373,0.021182349934692486,13.3
310,Weert,Limburg,0.66,0.31,50872,73%,15%,"10,51%",0%,0%,"2,66%","7,40%","0,45%",0%,"1,59%",0%,490,"2,11",65.7,34,"23,2","10,8",335,Gemeente Weert,Weert,Weert,869,0.01708208837867589,10.51
311,West Betuwe,Gelderland,0.62,0.28,52720,61%,25%,"12,08%","0,04%",0%,"3,89%","7,60%","0,59%","0,03%","1,09%",0%,245,"2,43",72.5,"27,3","20,6","6,7",436,Gemeente West Betuwe,West Betuwe,West Betuwe,1580,0.029969650986342945,12.08
312,West Maas en Waal,Gelderland,0.72,0.32,20065,65%,22%,"11,50%",0%,0%,"3,11%","7,90%","0,49%",0%,"1,41%",0%,267,"2,27",71.9,"28,1","19,8","8,3",404,Gemeente West Maas en Waal,West Maas en Waal,West Maas en Waal,494,0.024619985048592075,11.5
313,Westerkwartier,Groningen,0.58,0.22,64946,65%,26%,"7,58%",0%,0%,"2,28%","4,83%","0,47%",0%,"1,25%",0%,179,"2,32",72.7,"27,3","19,7","7,6",301,Gemeente Westerkwartier,Westerkwartier,Westerkwartier,1183,0.01821513257167493,7.58
314,Westerveld,Drenthe,0.62,0.2,19860,62%,27%,"9,60%",0%,0%,"2,47%","6,70%","0,43%",0%,"1,66%",0%,72,"2,16",75.3,"24,6","16,8","7,8",390,Gemeente Westerveld,Westerveld,Westerveld,449,0.022608257804632426,9.6
315,Westervoort,Gelderland,0.62,0.3,15114,76%,12%,"10,96%",0%,0%,"2,34%","8,10%","0,52%",0%,"1,13%",0%,2160,"2,19",59.9,"40,1",31,"9,1",318,Gemeente Westervoort,Westervoort,Westervoort,212,0.014026730183935424,10.96
316,Westerwolde,Groningen,0.7,0.33,26537,68%,24%,"6,13%",0%,0%,"1,30%","4,63%","0,20%",0%,"1,92%",0%,96,"2,15",67.9,"31,5","21,7","9,8",285,Gemeente Westerwolde,Westerwolde,Westerwolde,279,0.010513622489354486,6.13
317,Westland,Zuid-Holland,0.71,0.33,114887,65%,20%,"13,92%",0%,0%,"3,87%","9,40%","0,65%",0%,"1,16%",0%,1436,"2,3",68.6,"31,4","23,2","8,2",445,Gemeente Westland,Westland,Westland,2877,0.02504199778913193,13.92
318,Weststellingwerf,Fryslï¿½n,0.68,0.28,26467,64%,28%,"5,80%",0%,0%,"1,53%","4,01%","0,26%",0%,"1,97%",0%,120,"2,21",65.1,"34,8","26,6","8,2",309,Gemeente Weststellingwerf,Weststellingwerf,Weststellingwerf,357,0.01348849510711452,5.8
319,Wierden,Overijssel,0.73,0.22,24862,52%,26%,"21,70%",0%,0%,12%,"9,40%","0,30%",0%,"0,58%",0%,264,"2,48",73.0,"26,9","17,1","9,8",418,Gemeente Wierden,Wierden,Wierden,3081,0.12392406081570267,21.7
320,Wijchen,Gelderland,0.65,0.28,41537,69%,18%,"11,61%",0%,0%,"3,60%","7,60%","0,41%",0%,"0,90%",0%,629,"2,25",67.6,"32,4",25,"7,4",372,Gemeente Wijchen,Wijchen,Wijchen,970,0.023352673519994222,11.61
321,Wijdemeren,Noord-Holland,0.64,0.23,24659,69%,17%,"13,06%",0%,0%,"3,91%","8,20%","0,95%",0%,"1,37%",0%,518,"2,24",69.9,30,"19,4","10,6",563,Gemeente Wijdemeren,Wijdemeren,Wijdemeren,712,0.02887383916622734,13.06
322,Wijk bij Duurstede,Utrecht,0.62,0.25,23995,72%,15%,"11,78%",0%,0%,"3,36%","7,90%","0,52%",0%,"1,05%",0%,503,"2,28",70.4,"29,6","22,9","6,7",437,Gemeente Wijk bij Duurstede,Wijk bij Duurstede,Wijk bij Duurstede,491,0.020462596374244635,11.78
323,Winterswijk,Gelderland,0.67,0.2,29253,74%,17%,"8,63%",0%,0%,"1,99%","6,30%","0,34%",0%,"0,95%",0%,212,"2,17",70.2,"29,7","16,8","12,9",300,Gemeente Winterswijk,Winterswijk,Winterswijk,380,0.012990120671384131,8.63
324,Woensdrecht,Noord-Brabant,0.74,0.37,22191,72%,16%,"11,00%",0%,0%,"2,62%","7,90%","0,48%",0%,"0,70%",0%,242,"2,2",72.7,"27,1","18,2","8,9",343,Gemeente Woensdrecht,Woensdrecht,Woensdrecht,401,0.01807038889639944,11.0
325,Woerden,Utrecht,0.54,0.19,53244,66%,18%,"14,45%",0%,0%,"4,53%","9,10%","0,82%",0%,"0,83%",0%,607,"2,3",65.8,"34,2","22,6","11,6",412,Gemeente Woerden,Woerden,Woerden,1456,0.02734580422207197,14.45
326,Wormerland,Noord-Holland,0.59,0.25,16612,71%,16%,"11,60%",0%,0%,"3,06%","7,90%","0,64%",0%,"1,37%",0%,430,"2,23",63.5,"36,5","29,8","6,7",421,Gemeente Wormerland,Wormerland,Wormerland,309,0.018601011317120154,11.6
327,Woudenberg,Utrecht,0.49,0.19,14358,67%,21%,"10,52%",0%,0%,"2,69%",7%,"0,83%",0%,"1,34%",0%,401,"2,52",70.5,"29,5","20,4","9,1",491,Gemeente Woudenberg,Woudenberg,Woudenberg,239,0.016645772391698007,10.52
328,Zaanstad,Noord-Holland,0.53,0.26,159618,71%,15%,"12,71%",0%,0%,"2,98%",9%,"0,73%",0%,"1,21%",0%,2189,"2,18",54.2,"45,7","36,2","9,5",391,Gemeente Zaanstad,Zaanstad,Zaanstad,2492,0.015612274304902956,12.71
329,Zaltbommel,Gelderland,0.52,0.23,30349,65%,25%,"9,65%",0%,0%,"3,36%","5,80%","0,49%",0%,"0,87%",0%,386,"2,37",67.4,"32,6","23,2","9,4",378,Gemeente Zaltbommel,Zaltbommel,Zaltbommel,766,0.02523971135787011,9.65
330,Zandvoort,Noord-Holland,0.67,0.31,17542,74%,13%,"12,43%",0%,0%,"2,94%","8,50%","0,99%",0%,"1,26%",0%,545,"1,93",53.8,"45,3","29,6","15,7",460,Gemeente Zandvoort,Zandvoort,Zandvoort,274,0.01561965568350245,12.43
331,Zeewolde,Flevoland,0.64,0.25,23692,63%,23%,"13,05%",0%,0%,"4,22%","8,20%","0,63%","0,11%","1,25%",0%,97,"2,28",69.6,"30,3","21,4","8,9",418,Gemeente Zeewolde,Zeewolde,Zeewolde,687,0.028997129832854972,13.05
332,Zeist,Utrecht,0.45,0.15,66629,68%,13%,"17,62%",0%,0%,"6,60%",10%,"1,02%",0%,"1,03%",0%,1374,"2,1",52.7,"47,2","28,6","18,6",523,Gemeente Zeist,Zeist,Zeist,2339,0.035104834231340705,17.62
333,Zevenaar,Gelderland,0.67,0.29,45042,73%,15%,"11,04%",0%,0%,"2,83%",8%,"0,21%",0%,"1,07%",0%,486,"2,16",64.2,"35,8","27,9","7,9",320,Gemeente Zevenaar,Zevenaar,Zevenaar,867,0.019248701212201944,11.04
334,Zoetermeer,Zuid-Holland,0.61,0.29,126998,73%,10%,"15,88%",0%,0%,"4,17%",11%,"0,71%",0%,"0,85%",0%,3730,"2,2",55.2,"44,8","34,5","10,3",363,Gemeente Zoetermeer,Zoetermeer,Zoetermeer,2711,0.02134679286287973,15.88
335,Zoeterwoude,Zuid-Holland,0.59,0.22,9443,67%,19%,"12,86%",0%,0%,"3,14%","9,10%","0,62%",0%,"0,53%",0%,460,"2,26",68.9,"31,1","15,6","15,5",469,Gemeente Zoeterwoude,Zoeterwoude,Zoeterwoude,190,0.02012072434607646,12.86
336,Zuidplas,Zuid-Holland,0.59,0.25,46981,68%,17%,"13,86%",0%,0%,"4,04%","9,20%","0,62%",0%,"1,03%",0%,825,"2,43",68.8,"31,2","25,3","5,9",434,Gemeente Zuidplas,Zuidplas,Zuidplas,1203,0.025606096081394605,13.86
337,Zundert,Noord-Brabant,0.73,0.29,22518,70%,20%,"8,71%",0%,0%,"2,72%","5,70%","0,29%",0%,"1,02%",0%,187,"2,22",74.8,"25,1","13,2","11,9",434,Gemeente Zundert,Zundert,Zundert,465,0.020650146549427126,8.71
338,Zutphen,Gelderland,0.48,0.19,48510,73%,14%,"11,05%",0%,0%,"2,83%","7,60%","0,62%",0%,"1,56%",0%,1191,"2,05",56.2,"43,8","29,9","13,9",322,Gemeente Zutphen,Zutphen,Zutphen,789,0.01626468769325912,11.05
339,Zwartewaterland,Overijssel,0.52,0.23,23368,60%,28%,"10,88%",0%,0%,"3,40%","6,90%","0,58%",0%,"0,97%",0%,285,"2,57",71.9,"28,1","19,7","8,4",315,Gemeente Zwartewaterland,Zwartewaterland,Zwartewaterland,519,0.022209859637110578,10.88
340,Zwijndrecht,Zuid-Holland,0.6,0.3,45018,73%,13%,"12,36%",0%,0%,"2,51%","9,30%","0,55%",0%,"1,01%",0%,2210,"2,16",56.8,"43,1","36,8","6,3",314,Gemeente Zwijndrecht,Zwijndrecht,Zwijndrecht,660,0.014660802345728375,12.36
341,Zwolle,Overijssel,0.46,0.16,132411,66%,19%,"14,24%","0,09%",0%,"4,23%","9,40%","0,61%",0%,"0,96%",0%,1203,"2,07",52.8,"47,1","32,5","14,6",355,Gemeente Zwolle,Zwolle,Zwolle,3071,0.02319293714268452,14.24
