Gemeente,Provincie,Stemmen op coalitie,Stemmen op PVV,Inwoners,Benzine,Diesel,Alles elektrisch,Aardgas,Alcohol,Elektriciteit,Hybride,Hybride met stekker,LNG,LPG,Waterstof,Bevolkingsdichtheid,Huishoudgrootte,Koopwoningen,Huurwoningen,Huurwoningen corporatie,Huurwoningen overig,WOZ,Gemeentenaam Allecijfers,Regio's,predicted_electric
Aa en Hunze,Drenthe,0.61,0.19,25724,64%,24%,10.34,0%,0%,"3,10%","6,80%","0,44%",0%,"1,35%",0%,94,"2,22",75.3,"24,7","19,3","5,4",349,Gemeente Aa en Hunze,Aa en Hunze,9.336893472591612
Aalsmeer,Noord-Holland,0.66,0.25,33063,69%,15%,14.05,0%,0%,"4,72%","8,60%","0,73%","0,14%","1,13%",0%,1656,"2,28",64.0,36,"24,3","11,7",491,Gemeente Aalsmeer,Aalsmeer,14.243534678981842
Aalten,Gelderland,0.65,0.2,27244,75%,17%,7.01,0%,0%,"2,19%","4,47%","0,35%",0%,"1,22%",0%,283,"2,28",71.8,"28,1","18,9","9,2",331,Gemeente Aalten,Aalten,8.780300474947058
Achtkarspelen,Fryslï¿½n,0.66,0.34,28149,64%,30%,4.74,0%,0%,"1,60%","2,84%","0,30%",0%,"1,47%",0%,276,"2,31",63.7,"36,3","30,2","6,1",271,Gemeente Achtkarspelen,Achtkarspelen,8.906324762166271
Alblasserdam,Zuid-Holland,0.51,0.25,20356,68%,19%,12.15,0%,0%,"3,40%","8,30%","0,45%",0%,"1,04%",0%,2316,"2,37",61.8,"38,1","32,7","5,4",343,Gemeente Alblasserdam,Alblasserdam,13.647754775030817
Albrandswaard,Zuid-Holland,0.65,0.3,26357,69%,12%,17.57,0%,0%,"4,81%",12%,"0,76%",0%,"0,87%",0%,1220,"2,42",69.9,"30,1",25,"5,1",447,Gemeente Albrandswaard,Albrandswaard,13.312102208287824
Alkmaar,Noord-Holland,0.51,0.21,111834,64%,17%,18.3,"0,05%",0%,"6,70%",11%,"0,60%",0%,"0,95%",0%,1018,"2,05",58.3,"41,6","28,1","13,5",359,Gemeente Alkmaar,Alkmaar,12.437028988922378
Almelo,Overijssel,0.69,0.3,73949,71%,17%,10.38,0%,0%,"2,68%","7,20%","0,50%",0%,"1,14%",0%,1106,"2,16",54.7,"45,3","33,5","11,8",284,Gemeente Almelo,Almelo,9.446981660317341
Almere,Flevoland,0.57,0.27,222825,51%,14%,34.47,"0,10%",0%,19%,15%,"0,47%",0%,"0,71%",0%,1753,"2,31",62.5,"37,5","26,6","10,9",375,Gemeente Almere,Almere,13.19282793368486
Alphen aan den Rijn,Zuid-Holland,0.58,0.23,114182,69%,16%,13.64,0%,0%,"3,99%","8,90%","0,75%",0%,"0,93%",0%,913,"2,24",63.4,"36,6","25,4","11,2",374,Gemeente Alphen aan den Rijn,Alphen aan den Rijn,11.800249776281934
Alphen-Chaam,Noord-Brabant,0.71,0.24,10463,70%,20%,8.53,0%,0%,"2,69%","5,50%","0,34%",0%,"1,21%",0%,112,"2,35",75.4,"24,5","12,9","11,6",458,Gemeente Alphen-Chaam,Alphen-Chaam,10.940736719499734
Altena,Noord-Brabant,0.59,0.29,57726,66%,24%,9.52,0%,0%,"2,85%","6,20%","0,47%",0%,"0,83%",0%,292,"2,4",68.9,"31,1","23,9","7,2",396,Gemeente Altena,Altena,12.000107879980426
Ameland,Fryslï¿½n,0.65,0.19,3840,70%,24%,5.78,0%,0%,"1,54%","4,24%",0%,0%,0%,0%,68,"2,02",67.2,"32,7",0,"32,7",348,Gemeente Ameland,Ameland,8.972022379513023
Amersfoort,Utrecht,0.44,0.16,160759,52%,16%,31.34,"0,19%",0%,17%,14%,"0,34%",0%,"0,57%",0%,2590,"2,19",57.9,42,29,13,420,Gemeente Amersfoort,Amersfoort,15.770468011662377
Amstelveen,Noord-Holland,0.51,0.15,94418,67%,10%,21.58,0%,0%,"7,40%",13%,"1,18%",0%,"0,56%",0%,2311,"2,07",47.2,"52,7","29,1","23,6",536,Gemeente Amstelveen,Amstelveen,17.33226722739014
Amsterdam,Noord-Holland,0.29,0.1,918117,63%,15%,20.78,"0,05%",0%,"7,80%",12%,"0,98%",0%,"1,05%",0%,4950,"1,78",29.9,70,"39,6","30,4",499,Gemeente Amsterdam,Amsterdam,21.967587126660316
Apeldoorn,Gelderland,0.57,0.22,167191,70%,17%,11.87,0%,0%,"3,50%","7,70%","0,67%",0%,"1,16%",0%,495,"2,14",60.1,"39,9","27,7","12,2",382,Gemeente Apeldoorn,Apeldoorn,11.692768686562424
Arnhem,Gelderland,0.43,0.19,165770,72%,14%,12.16,"0,23%",0%,"4,06%","7,50%","0,60%","0,02%","1,19%",0%,1715,"1,92",42.9,"57,1","34,4","22,7",336,Gemeente Arnhem,Arnhem,13.878067456001078
Assen,Drenthe,0.54,0.21,69414,69%,19%,10.8,"0,09%",0%,"2,73%","7,50%","0,57%",0%,"1,22%",0%,851,"2,07",58.6,"41,2","27,1","14,1",284,Gemeente Assen,Assen,10.199613734452136
Asten,Noord-Brabant,0.71,0.27,17242,67%,23%,8.58,0%,0%,"2,64%","5,60%","0,34%",0%,"1,42%",0%,246,"2,29",70.9,29,"20,9","8,1",417,Gemeente Asten,Asten,10.575511403474605
Baarle-Nassau,Noord-Brabant,0.73,0.3,7071,71%,20%,7.45,0%,0%,"1,74%","5,40%","0,31%",0%,"1,65%",0%,93,"2,2",69.6,"29,6","11,1","18,5",411,Gemeente Baarle-Nassau,Baarle-Nassau,10.358515041484207
Baarn,Utrecht,0.53,0.17,25008,71%,13%,14.73,0%,0%,"4,88%","9,10%","0,75%",0%,"1,21%",0%,770,"2,11",61.6,"38,4",25,"13,4",491,Gemeente Baarn,Baarn,14.381898832693686
Barendrecht,Zuid-Holland,0.6,0.28,48812,66%,16%,16.53,0%,0%,"4,83%",11%,"0,70%",0%,"0,87%",0%,2487,"2,44",69.8,"30,2","21,7","8,5",436,Gemeente Barendrecht,Barendrecht,14.770410751277938
Barneveld,Gelderland,0.5,0.2,61655,64%,26%,9.15,0%,0%,"2,73%","5,80%","0,62%",0%,"1,28%",0%,356,"2,6",68.0,32,"18,4","13,6",453,Gemeente Barneveld,Barneveld,13.660117507641779
Beek,Limburg,0.65,0.32,16132,75%,13%,11.03,0%,0%,"2,62%","7,90%","0,51%",0%,"1,17%",0%,770,"2,11",69.9,"30,1","21,1",9,295,Gemeente Beek,Beek (L.),9.691670981271368
Beekdaelen,Limburg,0.68,0.33,35966,75%,13%,10.21,0%,0%,"2,47%","7,50%","0,24%",0%,"1,22%",0%,458,"2,16",73.0,"26,9","17,8","9,1",306,Gemeente Beekdaelen,Beekdaelen,9.25045048548345
Beesel,Limburg,0.69,0.37,13449,75%,13%,11.29,0%,0%,"2,21%","8,60%","0,48%",0%,"1,12%",0%,480,"2,21",67.3,"32,7","27,1","5,6",297,Gemeente Beesel,Beesel,9.485633422357871
Berg en Dal,Gelderland,0.59,0.28,35420,72%,15%,12.1,0%,0%,"2,59%",9%,"0,51%",0%,"1,24%",0%,411,"2,11",61.1,"38,8","28,2","10,6",371,Gemeente Berg en Dal,Berg en Dal,11.667690104159782
Bergeijk,Noord-Brabant,0.7,0.27,19092,68%,21%,9.7,0%,0%,"2,27%","6,80%","0,63%",0%,"1,24%",0%,190,"2,29",78.1,"21,9","12,8","9,1",474,Gemeente Bergeijk,Bergeijk,11.730829386463396
Bergen (L.),Limburg,0.73,0.36,13119,71%,19%,8.33,0%,0%,"2,40%","5,70%","0,23%",0%,"1,90%",0%,127,"2,25",71.3,"28,6","22,9","5,7",333,Gemeente Bergen (Limburg),Bergen (L.),9.205707735845186
Bergen (NH.),Noord-Holland,0.57,0.21,30138,70%,15%,12.93,0%,0%,"3,95%","7,90%","1,08%",0%,"1,87%",0%,302,"2,05",67.3,"32,3","18,2","14,1",580,Gemeente Bergen (Noord-Holland),Bergen (NH.),15.618493486293687
Bergen op Zoom,Noord-Brabant,0.64,0.3,68864,73%,16%,10.91,0%,0%,"2,70%","7,80%","0,41%",0%,"0,81%",0%,872,"2,15",58.9,"41,1","29,7","11,4",312,Gemeente Bergen op Zoom,Bergen op Zoom,10.395573879499706
Berkelland,Gelderland,0.72,0.21,44022,71%,19%,8.48,0%,0%,"2,32%","5,80%","0,36%",0%,"1,33%",0%,170,"2,25",68.5,"31,5","23,5",8,370,Gemeente Berkelland,Berkelland,8.793102725955128
Bernheze,Noord-Brabant,0.67,0.28,32263,65%,23%,10.61,"0,05%",0%,"3,39%","6,70%","0,52%",0%,"1,02%",0%,363,"2,35",70.9,"29,1","19,1",10,457,Gemeente Bernheze,Bernheze,12.209897884151518
Best,Noord-Brabant,0.65,0.26,30897,71%,16%,12.66,0%,0%,"3,66%","8,30%","0,70%",0%,"0,95%",0%,921,"2,26",70.9,"29,1",20,"9,1",428,Gemeente Best,Best,12.176155273653118
Beuningen,Gelderland,0.66,0.28,26573,71%,15%,12.41,0%,0%,"3,44%","8,40%","0,57%",0%,"1,30%",0%,613,"2,27",70.4,"29,5","22,1","7,4",391,Gemeente Beuningen,Beuningen,11.131699903656227
Beverwijk,Noord-Holland,0.6,0.3,42711,71%,17%,11.39,0%,0%,"2,94%","7,70%","0,75%",0%,"1,06%",0%,2336,"2,14",54.2,"45,8","36,3","9,5",336,Gemeente Beverwijk,Beverwijk,13.010844204868095
Bladel,Noord-Brabant,0.7,0.28,21009,67%,22%,9.68,0%,0%,"2,78%","6,50%","0,40%",0%,"1,37%",0%,279,"2,27",74.1,"25,9","14,2","11,7",434,Gemeente Bladel,Bladel,11.132858617026704
Blaricum,Noord-Holland,0.66,0.18,12490,68%,12%,19.36,0%,0%,"5,70%",12%,"1,66%",0%,"0,62%",0%,1149,"2,35",69.7,"29,8","21,3","8,5",858,Gemeente Blaricum,Blaricum,21.067984419687896
Bloemendaal,Noord-Holland,0.54,0.11,23922,72%,9%,18.18,0%,0%,"5,50%",11%,"1,68%",0%,"0,77%",0%,598,"2,3",70.7,"29,2","17,3","11,9",905,Gemeente Bloemendaal,Bloemendaal,22.453542305347977
Bodegraven-Reeuwijk,Zuid-Holland,0.57,0.21,36308,66%,20%,12.6,0%,0%,"3,84%","7,90%","0,86%",0%,"1,08%",0%,485,"2,37",72.0,28,"19,4","8,6",449,Gemeente Bodegraven-Reeuwijk,Bodegraven-Reeuwijk,12.758746131343342
Boekel,Noord-Brabant,0.72,0.31,11163,65%,26%,7.59,0%,0%,"2,99%","4,04%","0,56%",0%,"1,20%",0%,327,"2,43",73.9,"26,1","15,3","10,8",417,Gemeente Boekel,Boekel,10.83772963890807
Borger-Odoorn,Drenthe,0.68,0.28,25919,66%,24%,7.98,0%,0%,"1,70%","5,90%","0,38%",0%,"1,85%",0%,95,"2,23",73.9,"26,1","19,5","6,6",304,Gemeente Borger-Odoorn,Borger-Odoorn,8.333956493201647
Borne,Overijssel,0.73,0.22,24524,71%,17%,11.75,0%,0%,"3,32%","7,90%","0,53%",0%,"0,88%",0%,948,"2,34",69.9,"30,1","21,7","8,4",394,Gemeente Borne,Borne,10.012998171740506
Borsele,Zeeland,0.56,0.23,23159,66%,25%,8.61,0%,0%,"2,41%","5,90%","0,30%",0%,"0,46%",0%,163,"2,32",74.8,"25,1","19,8","5,3",319,Gemeente Borsele,Borsele,9.810961095598355
Boxtel,Noord-Brabant,0.61,0.26,33748,70%,19%,10.38,0%,0%,"3,18%","6,70%","0,50%",0%,"1,07%",0%,492,"2,18",62.5,"37,4","28,4",9,381,Gemeente Boxtel,Boxtel,11.467906684966794
Breda,Noord-Brabant,0.54,0.2,186438,52%,14%,33.39,"0,26%",0%,20%,13%,"0,39%",0%,"0,49%",0%,1496,"2,01",54.8,"45,2","28,4","16,8",390,Gemeente Breda,Breda,13.186516677770975
Bronckhorst,Gelderland,0.69,0.2,36277,68%,21%,9.33,0%,0%,"3,24%","5,70%","0,39%",0%,"1,15%",0%,127,"2,26",70.8,"29,1","18,3","10,8",438,Gemeente Bronckhorst,Bronckhorst,10.502571119388255
Brummen,Gelderland,0.63,0.24,21105,72%,16%,10.21,0%,0%,"3,19%","6,50%","0,52%",0%,"1,31%",0%,255,"2,21",63.1,"36,9","30,2","6,7",384,Gemeente Brummen,Brummen,10.824117404424536
Brunssum,Limburg,0.7,0.42,27682,80%,10%,9.04,0%,0%,"1,64%","7,20%","0,20%",0%,"1,08%",0%,1611,"1,98",61.4,"38,5","28,3","10,2",224,Gemeente Brunssum,Brunssum,9.48124531164022
Bunnik,Utrecht,0.45,0.13,16026,65%,19%,14.72,0%,0%,"4,48%","9,20%","1,04%",0%,"1,17%",0%,436,"2,3",73.5,"26,4","16,1","10,3",523,Gemeente Bunnik,Bunnik,15.121175785189909
Bunschoten,Utrecht,0.64,0.34,22500,67%,21%,11.78,0%,0%,"2,98%","8,20%","0,60%",0%,"0,87%",0%,744,"2,52",73.2,"26,8","14,5","12,3",439,Gemeente Bunschoten,Bunschoten,13.112275827040818
Buren,Gelderland,0.67,0.31,27725,65%,23%,10.43,0%,0%,"3,11%","6,80%","0,52%",0%,"1,52%",0%,208,"2,35",74.6,"25,3","19,3",6,444,Gemeente Buren,Buren,11.968768502397285
Capelle aan den IJssel,Zuid-Holland,0.55,0.27,67552,74%,11%,14.21,0%,0%,"3,54%",10%,"0,67%",0%,"0,76%",0%,4803,"2,09",53.9,46,"34,5","11,5",350,Gemeente Capelle aan den IJssel,Capelle aan den IJssel,16.09950790304865
Castricum,Noord-Holland,0.54,0.18,36345,70%,15%,13.74,0%,0%,"3,84%","8,90%","1,00%","0,05%","1,22%",0%,733,"2,21",74.9,"25,1",16,"9,1",485,Gemeente Castricum,Castricum,13.825979951479354
Coevorden,Drenthe,0.71,0.28,35700,66%,25%,7.29,0%,0%,"1,89%","5,10%","0,30%",0%,"1,45%",0%,121,"2,2",69.4,"30,5","23,2","7,3",297,Gemeente Coevorden,Coevorden,7.92386019356714
Cranendonck,Noord-Brabant,0.74,0.33,20851,70%,19%,7.9,0%,0%,"2,41%","5,20%","0,29%",0%,"2,42%",0%,272,"2,22",73.1,"26,9","16,3","10,6",372,Gemeente Cranendonck,Cranendonck,9.736580991164036
Culemborg,Gelderland,0.48,0.2,29729,68%,17%,13.89,0%,0%,"4,14%","9,20%","0,55%",0%,"1,03%",0%,1023,"2,25",63.9,36,"26,1","9,9",388,Gemeente Culemborg,Culemborg,13.238444599452563
Dalfsen,Overijssel,0.67,0.19,29612,64%,25%,9.34,0%,0%,"2,23%","6,30%","0,81%",0%,"1,82%",0%,180,"2,4",74.4,"25,6","17,2","8,4",430,Gemeente Dalfsen,Dalfsen,10.447867004774391
Dantumadiel,Fryslï¿½n,0.64,0.3,19194,66%,28%,4.68,0%,0%,"1,34%","2,95%","0,39%",0%,"1,67%",0%,226,"2,34",63.5,"36,5",32,"4,5",309,Gemeente Dantumadiel,Dantumadiel,9.578161979855114
De Bilt,Utrecht,0.45,0.13,43884,69%,16%,14.19,0%,0%,"4,37%","8,80%","1,02%",0%,"1,08%",0%,661,"2,2",60.8,"39,1","27,2","11,9",580,Gemeente De Bilt,De Bilt,16.94435820830005
De Fryske Marren,Fryslï¿½n,0.66,0.25,51992,61%,29%,8.53,"0,34%",0%,"3,53%","4,63%","0,37%",0%,"1,10%",0%,148,"2,24",69.9,"29,8","22,9","6,9",341,Gemeente De Fryske Marren,De Fryske Marren,9.283476371266815
De Ronde Venen,Utrecht,0.63,0.23,45572,67%,18%,13.83,0%,0%,"4,11%",9%,"0,72%",0%,"0,89%",0%,460,"2,28",66.4,"33,6","23,8","9,8",516,Gemeente De Ronde Venen,De Ronde Venen,13.772808660600559
De Wolden,Drenthe,0.69,0.23,24602,63%,28%,7.9,0%,0%,"2,18%","5,30%","0,42%",0%,"1,52%",0%,110,"2,31",74.8,"25,2","17,1","8,1",396,Gemeente De Wolden,De Wolden,9.742882059931649
Delft,Zuid-Holland,0.4,0.17,106086,72%,13%,14.7,0%,0%,"3,99%",10%,"0,71%",0%,"0,77%",0%,4835,"1,71",36.7,63,"41,7","21,3",336,Gemeente Delft,Delft,17.28032217761913
Den Helder,Noord-Holland,0.67,0.34,56539,75%,13%,10.29,0%,0%,"2,43%","7,40%","0,46%",0%,"1,42%",0%,1251,"1,99",55.0,"44,9","36,4","8,5",242,Gemeente Den Helder,Den Helder,9.307978423892894
Deurne,Noord-Brabant,0.71,0.3,32977,67%,23%,8.07,0%,0%,"2,42%","5,20%","0,45%",0%,"1,39%",0%,284,"2,25",66.3,"33,8","24,6","9,2",397,Gemeente Deurne,Deurne,10.586514330541434
Deventer,Overijssel,0.51,0.18,102781,72%,16%,11.14,0%,0%,"3,40%","7,20%","0,54%",0%,"1,29%",0%,792,"2,09",55.5,"44,5","29,4","15,1",342,Gemeente Deventer,Deventer,11.616281022578901
Diemen,Noord-Holland,0.43,0.17,32785,68%,15%,16.27,0%,0%,"4,42%",11%,"0,85%",0%,"0,67%",0%,2760,"1,95",39.7,"60,2","21,4","38,8",428,Gemeente Diemen,Diemen,16.828104094676053
Dijk en Waard,Noord-Holland,0.62,0.25,88985,70%,16%,13.07,"0,05%",0%,"3,82%","8,40%","0,85%",0%,"1,38%",0%,1455,"2,33",70.9,"29,1","19,9","9,2",392,Gemeente Dijk en Waard,Dijk en Waard,12.195337053170203
Dinkelland,Overijssel,0.84,0.23,26743,65%,26%,8.84,0%,0%,"2,83%","5,80%","0,21%",0%,"0,49%",0%,152,"2,45",74.5,"25,4","12,2","13,2",413,Gemeente Dinkelland,Dinkelland,8.174889884399098
Doesburg,Gelderland,0.57,0.25,11081,75%,14%,9.28,0%,0%,"2,70%","6,20%","0,38%",0%,"1,44%",0%,959,"2,02",54.0,46,"38,9","7,1",298,Gemeente Doesburg,Doesburg,10.734871870406637
Doetinchem,Gelderland,0.62,0.25,59195,72%,16%,10.98,0%,0%,"3,03%","7,40%","0,55%",0%,"1,08%",0%,754,"2,17",59.4,"40,5","28,4","12,1",313,Gemeente Doetinchem,Doetinchem,10.060857817161422
Dongen,Noord-Brabant,0.64,0.27,27200,73%,15%,11.46,0%,0%,"2,94%",8%,"0,52%",0%,"0,86%",0%,927,"2,24",70.5,"29,4","20,1","9,3",353,Gemeente Dongen,Dongen,10.75661956433254
Dordrecht,Zuid-Holland,0.52,0.24,121434,66%,17%,16.12,0%,0%,"5,80%","9,80%","0,52%",0%,"0,78%",0%,1574,"2,09",57.8,"42,2","27,6","14,6",310,Gemeente Dordrecht,Dordrecht,12.065661987296709
Drechterland,Noord-Holland,0.66,0.25,20385,67%,21%,9.92,0%,0%,"3,15%","6,10%","0,67%",0%,"2,03%",0%,348,"2,32",73.8,"26,1","19,5","6,6",413,Gemeente Drechterland,Drechterland,10.976019743167289
Drimmelen,Noord-Brabant,0.7,0.31,27994,69%,19%,10.8,0%,0%,"2,96%","7,30%","0,54%",0%,"1,15%",0%,297,"2,25",71.9,"28,1","22,5","5,6",413,Gemeente Drimmelen,Drimmelen,11.038556205848332
Dronten,Flevoland,0.66,0.25,43593,64%,22%,12.64,0%,0%,"3,95%","7,90%","0,79%",0%,"1,83%",0%,133,"2,23",68.2,"31,7","24,3","7,4",354,Gemeente Dronten,Dronten,9.60303370524761
Druten,Gelderland,0.68,0.29,19505,68%,20%,10.78,0%,0%,"3,11%","7,40%","0,27%",0%,"1,03%",0%,522,"2,29",65.6,"34,4","22,3","12,1",368,Gemeente Druten,Druten,10.491802280816414
Duiven,Gelderland,0.66,0.27,24937,70%,15%,13.4,0%,0%,"3,56%","9,40%","0,44%",0%,"0,93%",0%,734,"2,27",67.1,"32,8","26,2","6,6",354,Gemeente Duiven,Duiven,10.4151115051382
Echt-Susteren,Limburg,0.71,0.38,31967,73%,15%,9.54,0%,0%,"2,04%","7,20%","0,30%",0%,"1,78%",0%,311,"2,13",70.4,"29,5","18,8","10,7",303,Gemeente Echt-Susteren,Echt-Susteren,9.205401708333506
Edam-Volendam,Noord-Holland,0.76,0.43,36760,63%,21%,14.94,0%,0%,"3,32%",11%,"0,62%",0%,"0,75%",0%,680,"2,36",77.1,"22,9","17,3","5,6",409,Gemeente Edam-Volendam,Edam-Volendam,11.57424649231422
Ede,Gelderland,0.48,0.19,122012,63%,22%,13.26,"0,16%",0%,"4,84%","7,70%","0,72%",0%,"1,24%","0,08%",388,"2,3",64.6,"35,3","20,7","14,6",414,Gemeente Ede,Ede,13.081056071943152
Eemnes,Utrecht,0.64,0.24,9598,68%,18%,12.66,0%,0%,"3,92%",8%,"0,74%",0%,"1,16%",0%,314,"2,29",71.6,"27,9","22,3","5,6",526,Gemeente Eemnes,Eemnes,13.681264601505529
Eemsdelta,Groningen,0.62,0.27,45394,71%,20%,8.96,0%,0%,"1,61%","7,20%","0,15%",0%,"0,71%",0%,168,"2,08",56.6,"43,4","31,2","12,2",229,Gemeente Eemsdelta,Eemsdelta,7.894507927425445
Eersel,Noord-Brabant,0.66,0.23,20004,67%,21%,11.18,0%,0%,"3,09%","7,50%","0,59%",0%,"0,91%",0%,245,"2,31",73.8,"26,2","16,3","9,9",485,Gemeente Eersel,Eersel,12.279046991338362
Eijsden-Margraten,Limburg,0.63,0.25,25991,73%,14%,11.16,0%,0%,"2,47%","8,40%","0,29%",0%,"0,93%",0%,336,"2,24",76.3,"23,5","10,2","13,3",385,Gemeente Eijsden-Margraten,Eijsden-Margraten,10.674372601467203
Eindhoven,Noord-Brabant,0.48,0.2,243730,70%,15%,13.66,"0,01%",0%,"4,41%","8,60%","0,65%",0%,"1,01%",0%,2800,"1,89",43.8,"56,2","36,2",20,363,Gemeente Eindhoven,Eindhoven,14.944784179372313
Elburg,Gelderland,0.57,0.25,24037,71%,20%,8.06,0%,0%,"2,30%","5,10%","0,66%",0%,"1,60%",0%,375,"2,43",65.3,"34,6","26,1","8,5",363,Gemeente Elburg,Elburg,11.312523189908127
Emmen,Drenthe,0.7,0.36,108765,70%,20%,8.43,0%,0%,"1,60%","6,30%","0,53%",0%,"1,29%",0%,326,"2,13",62.7,"37,3","27,7","9,6",251,Gemeente Emmen,Emmen,8.202672958120457
Enkhuizen,Noord-Holland,0.58,0.25,18885,71%,18%,9.39,0%,0%,"2,29%","6,50%","0,60%",0%,"1,64%",0%,1492,"2,1",61.0,"38,9","28,4","10,5",321,Gemeente Enkhuizen,Enkhuizen,11.446688794635481
Enschede,Overijssel,0.62,0.23,161235,75%,14%,9.76,0%,0%,"2,32%",7%,"0,44%",0%,"0,97%",0%,1149,"1,94",48.1,"51,9",36,"15,9",296,Gemeente Enschede,Enschede,10.168784785125693
Epe,Gelderland,0.63,0.25,33283,69%,20%,9.57,0%,0%,"2,64%","6,30%","0,63%",0%,"1,36%",0%,212,"2,26",64.7,"35,2","27,2",8,449,Gemeente Epe,Epe,12.284373495101612
Ermelo,Gelderland,0.53,0.19,27496,67%,21%,10.39,0%,0%,"2,97%","6,70%","0,72%","0,08%","1,33%",0%,325,"2,25",62.0,"37,7",24,"13,7",441,Gemeente Ermelo,Ermelo,13.024126137005265
Etten-Leur,Noord-Brabant,0.67,0.3,44578,72%,15%,12.38,0%,0%,"3,41%","8,50%","0,47%",0%,"0,69%",0%,818,"2,24",63.7,"36,3","27,4","8,9",355,Gemeente Etten-Leur,Etten-Leur,10.773119217944497
Geertruidenberg,Noord-Brabant,0.72,0.37,22099,71%,17%,11.39,0%,0%,"3,05%","7,80%","0,54%",0%,"0,96%",0%,829,"2,21",62.1,"37,9","31,3","6,6",346,Gemeente Geertruidenberg,Geertruidenberg,10.653876568978337
Geldrop-Mierlo,Noord-Brabant,0.62,0.28,40441,71%,16%,11.94,0%,0%,"3,33%","8,10%","0,51%",0%,"1,02%",0%,1313,"2,19",65.2,"34,8","26,3","8,5",389,Gemeente Geldrop-Mierlo,Geldrop-Mierlo,12.438348151729652
Gemert-Bakel,Noord-Brabant,0.69,0.31,31383,67%,23%,9.02,0%,0%,"3,01%","5,70%","0,31%",0%,"1,21%",0%,258,"2,32",68.6,"31,3","21,5","9,8",407,Gemeente Gemert-Bakel,Gemert-Bakel,11.08760095249555
Gennep,Limburg,0.65,0.29,17764,70%,20%,8.55,"0,26%",0%,"2,58%","5,50%","0,47%",0%,"1,70%",0%,374,"2,17",66.1,"33,8",24,"9,8",352,Gennep,Gennep,10.377645468091366
Gilze en Rijen,Noord-Brabant,0.65,0.29,26815,69%,17%,13.05,0%,0%,"2,89%","9,70%","0,46%",0%,"0,95%",0%,418,"2,27",64.4,"35,4","28,3","7,1",368,Gemeente Gilze en Rijen,Gilze en Rijen,10.82134900651271
Goeree-Overflakkee,Zuid-Holland,0.58,0.28,51590,67%,21%,10.89,0%,0%,"3,13%","7,30%","0,46%","0,05%","1,20%",0%,198,"2,28",64.9,35,"27,7","7,3",362,Gemeente Goeree-Overflakkee,Goeree-Overflakkee,11.292504649513537
Goes,Zeeland,0.54,0.21,39433,66%,18%,14.4,0%,0%,"5,30%","8,70%","0,40%",0%,"0,64%",0%,429,"2,07",60.4,"39,2","27,4","11,8",321,Gemeente Goes,Goes,10.564000534792912
Goirle,Noord-Brabant,0.61,0.24,24177,73%,15%,11.68,0%,0%,"3,03%","8,20%","0,45%",0%,"0,89%",0%,566,"2,28",71.3,"28,7","23,9","4,8",425,Gemeente Goirle,Goirle,12.087329004962841
Gooise Meren,Noord-Holland,0.53,0.14,60341,71%,12%,16.32,0%,0%,"5,40%","9,70%","1,22%",0%,"1,03%",0%,1457,"2,19",63.8,"36,2","21,4","14,8",580,Gemeente Gooise Meren,Gooise Meren,16.67468781902209
Gorinchem,Zuid-Holland,0.54,0.24,38461,70%,17%,12.44,"0,17%",0%,"3,80%","8,10%","0,54%",0%,"0,64%",0%,2066,"2,16",49.8,"50,2","36,8","13,4",345,Gemeente Gorinchem,Gorinchem,13.268940341603043
Gouda,Zuid-Holland,0.45,0.19,75316,74%,14%,12.14,0%,0%,"3,04%","8,40%","0,70%",0%,"0,70%",0%,4592,"2,12",55.7,"44,2","29,3","14,9",334,Gemeente Gouda,Gouda,16.02879475398787
Groningen,Groningen,0.38,0.13,238147,65%,18%,15.7,"0,03%",0%,"6,60%","8,50%","0,60%",0%,"0,96%","0,03%",1314,"1,65",40.2,"59,7","31,5","28,2",301,Gemeente Groningen,Groningen (gemeente),12.852088608543045
Gulpen-Wittem,Limburg,0.66,0.28,14210,75%,14%,10.63,0%,0%,"2,33%","8,30%",0%,0%,"0,24%",0%,192,"2,09",66.9,"32,9","18,5","14,4",331,Gemeente Gulpen-Wittem,Gulpen-Wittem,9.480311629143626
Haaksbergen,Overijssel,0.76,0.23,24502,71%,19%,8.64,0%,0%,"1,95%","6,20%","0,49%",0%,"1,37%",0%,232,"2,3",69.5,"30,4","20,9","9,5",368,Gemeente Haaksbergen,Haaksbergen,8.448436725886861
Haarlem,Noord-Holland,0.4,0.15,165396,71%,13%,14.92,"0,01%",0%,"4,46%","9,50%","0,96%",0%,"0,95%",0%,5739,"2,04",52.5,"47,4","28,4",19,484,Gemeente Haarlem,Haarlem,20.835014495786226
Haarlemmermeer,Noord-Holland,0.63,0.26,162300,43%,15%,41.35,"0,12%",0%,22%,19%,"0,35%",0%,"0,40%","0,01%",827,"2,33",66.7,"33,3","22,6","10,7",473,Gemeente Haarlemmermeer,Haarlemmermeer,13.46270257540525
Halderberge,Noord-Brabant,0.73,0.35,31041,69%,19%,10.57,0%,0%,"3,16%","7,10%","0,31%",0%,"1,13%",0%,419,"2,26",65.4,"34,6","29,1","5,5",357,Gemeente Halderberge,Halderberge,10.081051322536851
Hardenberg,Overijssel,0.69,0.25,62509,67%,24%,7.59,0%,0%,"2,03%",5%,"0,56%",0%,"1,62%",0%,202,"2,41",70.4,"29,5",21,"8,5",329,Gemeente Hardenberg,Hardenberg,8.65694123180482
Harderwijk,Gelderland,0.56,0.21,48906,68%,19%,11.92,0%,0%,"3,49%","7,70%","0,73%",0%,"1,28%",0%,1269,"2,26",58.6,"41,3","27,2","14,1",391,Gemeente Harderwijk,Harderwijk,12.720084210554859
Hardinxveld-Giessendam,Zuid-Holland,0.49,0.23,18681,69%,20%,10.1,0%,0%,"2,41%","7,10%","0,59%",0%,"0,84%",0%,1113,"2,51",65.8,"34,3",28,"6,3",360,Gemeente Hardinxveld-Giessendam,Hardinxveld-Giessendam,12.81691031595998
Harlingen,Fryslï¿½n,0.61,0.28,16188,64%,25%,9.17,0%,0%,"2,50%","6,10%","0,57%",0%,"1,87%",0%,650,"2,03",56.1,"43,8","32,2","11,6",247,Gemeente Harlingen,Harlingen,9.009185405212223
Hattem,Gelderland,0.54,0.19,12563,67%,18%,13.31,0%,0%,"3,08%","9,30%","0,93%",0%,"1,44%",0%,547,"2,35",66.5,"33,5","26,2","7,3",416,Gemeente Hattem,Hattem,12.431995526225593
Heemskerk,Noord-Holland,0.61,0.27,39431,74%,12%,13.03,0%,0%,"2,93%","9,40%","0,70%",0%,"0,96%",0%,1447,"2,2",59.4,"40,6","32,4","8,2",402,Gemeente Heemskerk,Heemskerk,13.045611519568196
Heemstede,Noord-Holland,0.52,0.12,27778,73%,9%,17.31,0%,0%,"4,80%",11%,"1,51%",0%,"0,44%",0%,3008,"2,2",65.3,"34,6","21,1","13,5",657,Gemeente Heemstede,Heemstede,19.792107414276416
Heerde,Gelderland,0.61,0.24,19214,69%,20%,9.27,0%,0%,"2,72%",6%,"0,55%",0%,"1,40%",0%,245,"2,37",68.8,"31,1","23,5","7,6",429,Gemeente Heerde,Heerde,11.930082648660024
Heerenveen,Fryslï¿½n,0.59,0.23,51637,62%,28%,8.99,"0,15%",0%,"3,15%","5,40%","0,44%","0,05%","1,21%",0%,273,"2,14",60.4,"39,6","27,9","11,7",325,Gemeente Heerenveen,Heerenveen,10.03408166902907
Heerlen,Limburg,0.62,0.37,87122,78%,11%,9.55,0%,0%,"2,32%",7%,"0,23%",0%,"1,24%",0%,1948,"1,86",46.6,"53,2","36,3","16,9",202,Gemeente Heerlen,Heerlen,10.2813103433577
Heeze-Leende,Noord-Brabant,0.65,0.23,16627,69%,18%,11.26,0%,0%,"3,22%","7,40%","0,64%",0%,"1,34%",0%,162,"2,28",77.5,"22,4",14,"8,4",478,Gemeente Heeze-Leende,Heeze-Leende,12.077527802782809
Heiloo,Noord-Holland,0.52,0.16,24319,71%,13%,15.32,0%,"0,08%","4,54%","9,80%","0,98%",0%,"1,24%",0%,1300,"2,16",73.2,"26,7","16,4","10,3",516,Gemeente Heiloo,Heiloo,15.180394759827127
Hellendoorn,Overijssel,0.72,0.21,36261,70%,18%,10.92,0%,0%,"2,78%","7,60%","0,54%",0%,"1,43%",0%,263,"2,37",72.9,27,"20,8","6,2",397,Gemeente Hellendoorn,Hellendoorn,9.367484845804437
Helmond,Noord-Brabant,0.66,0.34,94898,72%,15%,12.03,0%,0%,"3,08%","8,30%","0,65%",0%,"1,30%",0%,1803,"2,19",53.6,"46,4","35,9","10,5",320,Gemeente Helmond,Helmond,11.750022663202287
Hendrik-Ido-Ambacht,Zuid-Holland,0.58,0.27,32183,73%,11%,15.26,0%,0%,"3,55%",11%,"0,71%",0%,"0,58%",0%,3209,"2,52",72.3,"27,7",22,"5,7",413,Gemeente Hendrik-Ido-Ambacht,Hendrik-Ido-Ambacht,15.062453388098787
Hengelo,Overijssel,0.63,0.22,82311,68%,14%,16.77,0%,0%,"6,60%","9,70%","0,47%",0%,"0,87%",0%,1365,"2,06",56.5,"43,5","30,4","13,1",306,Gemeente Hengelo,Hengelo (O.),10.146868912077572
Het Hogeland,Groningen,0.54,0.2,48298,69%,23%,7.49,"0,06%",0%,"1,57%","5,70%","0,22%",0%,"0,91%",0%,101,"2,16",67.0,33,"24,5","8,5",262,Gemeente Het Hogeland,Het Hogeland,8.658763160597898
Heumen,Gelderland,0.55,0.2,16824,72%,15%,12.11,0%,0%,"3,43%","8,10%","0,58%",0%,"1,07%",0%,424,"2,24",71.6,"28,4","18,6","9,8",415,Gemeente Heumen,Heumen,12.120858464729576
Heusden,Noord-Brabant,0.67,0.29,45830,69%,18%,11.47,0%,0%,"3,59%","7,30%","0,58%","0,05%","0,96%",0%,584,"2,27",67.9,"32,1","25,5","6,6",413,Gemeente Heusden,Heusden,11.624955870576803
Hillegom,Zuid-Holland,0.63,0.27,22453,71%,15%,12.99,0%,0%,"4,32%",8%,"0,67%",0%,"1,07%",0%,1775,"2,17",67.0,33,"23,8","9,2",416,Gemeente Hillegom,Hillegom,13.208843191016832
Hilvarenbeek,Noord-Brabant,0.65,0.21,15949,64%,22%,12.24,0%,0%,"3,09%","8,70%","0,45%",0%,"1,06%",0%,168,"2,3",75.2,"24,7","14,3","10,4",468,Gemeente Hilvarenbeek,Hilvarenbeek,11.72399236169069
Hilversum,Noord-Holland,0.47,0.18,93345,69%,14%,14.98,"0,28%",0%,"5,20%","8,80%","0,98%",0%,"0,95%",0%,2070,"2,07",53.7,"46,2","29,7","16,5",471,Gemeente Hilversum,Hilversum,16.308764913623033
Hoeksche Waard,Zuid-Holland,0.61,0.28,89760,69%,17%,12.76,0%,0%,"3,40%","8,80%","0,56%",0%,"1,17%",0%,336,"2,29",70.8,"29,1","24,2","4,9",382,Gemeente Hoeksche Waard,Hoeksche Waard,11.31628745868948
Hof van Twente,Overijssel,0.75,0.21,35455,69%,20%,9.65,0%,0%,"2,95%","6,20%","0,50%",0%,"1,20%",0%,167,"2,28",68.7,"31,3","19,5","11,8",359,Gemeente Hof van Twente,Hof van Twente,8.14127450183687
Hollands Kroon,Noord-Holland,0.7,0.28,49431,64%,24%,9.41,0%,0%,"3,08%","5,90%","0,43%",0%,"2,25%",0%,138,"2,23",70.8,29,"21,6","7,4",355,Gemeente Hollands Kroon,Hollands Kroon,9.3261704240728
Hoogeveen,Drenthe,0.66,0.32,56433,67%,24%,8.24,0%,0%,"1,96%","5,90%","0,38%",0%,"1,57%",0%,444,"2,2",61.5,"38,1","28,4","9,7",272,Gemeente Hoogeveen,Hoogeveen,8.95245570389361
Hoorn,Noord-Holland,0.56,0.24,75216,68%,19%,11.87,"0,08%",0%,"3,18%",8%,"0,69%",0%,"1,29%",0%,3713,"2,16",60.6,"39,4","29,4",10,349,Gemeente Hoorn,Hoorn,14.408856806773372
Horst aan de Maas,Limburg,0.69,0.29,43641,67%,19%,10.62,"1,50%",0%,"4,10%","6,20%","0,32%",0%,"1,54%",0%,233,"2,23",75.3,"24,7","15,2","9,5",339,Gemeente Horst aan de Maas,Horst aan de Maas,9.175525834016705
Houten,Utrecht,0.52,0.18,50581,42%,14%,43.2,0%,0%,23%,20%,"0,20%",0%,"0,29%",0%,926,"2,38",67.1,"32,9","24,4","8,5",500,Gemeente Houten,Houten,14.820108589307516
Huizen,Noord-Holland,0.58,0.21,41252,73%,13%,13.29,0%,0%,"3,65%","8,90%","0,74%",0%,"0,98%",0%,2605,"2,15",58.7,"41,3","32,3",9,461,Gemeente Huizen,Huizen,15.308610159030408
Hulst,Zeeland,0.69,0.29,27596,75%,15%,8.82,0%,0%,"2,00%","6,70%","0,12%",0%,"0,91%",0%,136,"2,08",74.0,"25,2",18,"7,2",295,Gemeente Hulst,Hulst,8.137036520582642
IJsselstein,Utrecht,0.61,0.24,33492,71%,14%,14.12,0%,0%,"3,67%","9,80%","0,65%",0%,"0,86%",0%,1591,"2,29",63.9,"36,1","24,2","11,9",424,Gemeente IJsselstein,IJsselstein,13.258890079034003
Kaag en Braassem,Zuid-Holland,0.67,0.26,28573,70%,16%,12.23,0%,0%,"4,09%","7,60%","0,54%",0%,"0,84%",0%,462,"2,27",65.5,"34,3","26,7","7,6",464,Gemeente Kaag en Braassem,Kaag en Braassem,12.407099533169795
Kampen,Overijssel,0.54,0.24,55614,68%,22%,8.64,0%,0%,"2,42%","5,80%","0,42%","0,05%","1,28%",0%,398,"2,39",63.4,"36,6","24,8","11,8",337,Gemeente Kampen,Kampen,11.107053474458072
Kapelle,Zeeland,0.55,0.21,13051,68%,19%,11.53,0%,0%,"3,39%","7,60%","0,54%",0%,"0,88%",0%,350,"2,35",76.8,"22,9","14,4","8,5",354,Gemeente Kapelle,Kapelle,10.653411218211222
Katwijk,Zuid-Holland,0.61,0.32,66607,71%,15%,13.45,0%,0%,"3,23%","9,40%","0,82%","0,09%","0,67%",0%,2700,"2,4",65.0,"34,9","27,1","7,8",438,Gemeente Katwijk,Katwijk,15.412288185545421
Kerkrade,Limburg,0.7,0.44,45620,79%,11%,8.57,0%,0%,"1,76%","6,60%","0,21%",0%,"1,05%",0%,2068,"1,93",52.9,"46,5",32,"14,5",200,Gemeente Kerkrade,Kerkrade,9.815515054441175
Koggenland,Noord-Holland,0.68,0.24,23509,65%,24%,9.72,0%,0%,"2,76%","6,40%","0,56%",0%,"1,37%",0%,294,"2,36",78.7,"20,9","5,4","15,5",399,Gemeente Koggenland,Koggenland,10.117310581789424
Krimpen aan den IJssel,Zuid-Holland,0.53,0.27,29504,75%,12%,12.24,0%,0%,"2,74%","8,90%","0,60%",0%,"0,59%",0%,3861,"2,32",59.8,"40,3","35,8","4,5",377,Gemeente Krimpen aan den IJssel,Krimpen aan den IJssel,15.892688376906365
Krimpenerwaard,Zuid-Holland,0.58,0.24,57700,67%,20%,12.17,0%,0%,"3,27%","8,30%","0,60%",0%,"1,17%",0%,390,"2,33",66.8,"33,2",26,"7,2",404,Gemeente Krimpenerwaard,Krimpenerwaard,11.967219709960567
Laarbeek,Noord-Brabant,0.7,0.3,23260,68%,20%,10.05,0%,0%,"2,83%","6,50%","0,72%",0%,"1,39%",0%,420,"2,32",69.6,"30,4","22,5","7,9",412,Gemeente Laarbeek,Laarbeek,11.098023800506283
Land van Cuijk,Noord-Brabant,0.66,0.26,91423,68%,21%,9.54,0%,0%,"2,71%","6,50%","0,33%",0%,"1,37%",0%,269,"2,25",68.7,"31,1","22,1",9,374,Gemeente Land van Cuijk,Land van Cuijk,10.265911465342274
Landgraaf,Limburg,0.7,0.42,37175,78%,10%,10.75,0%,0%,"2,44%",8%,"0,31%",0%,"1,26%",0%,1510,"2,04",63.1,"36,6","27,8","8,8",248,Gemeente Landgraaf,Landgraaf,9.871624993076383
Landsmeer,Noord-Holland,0.57,0.25,11705,70%,14%,15.24,0%,0%,"4,02%",10%,"1,22%",0%,"0,97%",0%,520,"2,32",66.1,"33,8","26,2","7,6",580,Gemeente Landsmeer,Landsmeer,16.258353870524612
Lansingerland,Zuid-Holland,0.62,0.24,64754,67%,16%,15.92,0%,0%,"5,10%","9,90%","0,92%",0%,"0,98%",0%,1231,"2,55",73.0,"26,9","18,9",8,497,Gemeente Lansingerland,Lansingerland,14.157795577795943
Laren,Noord-Holland,0.67,0.15,11712,70%,11%,19.32,0%,0%,"5,60%",12%,"1,72%",0%,"0,64%",0%,922,"2,11",68.2,"31,6","16,7","14,9",888,Gemeente Laren,Laren (NH.),21.124060353668746
Leeuwarden,Fryslï¿½n,0.51,0.22,127073,68%,20%,10.41,"0,22%",0%,"3,49%","6,50%","0,42%",0%,"1,19%",0%,542,"1,89",50.5,"49,4",28,"21,4",249,Gemeente Leeuwarden,Leeuwarden,9.833063248723763
Leiden,Zuid-Holland,0.36,0.15,127089,74%,12%,13.05,0%,0%,"3,21%",9%,"0,84%",0%,"0,73%",0%,5954,"1,75",40.6,"59,3","31,9","27,4",394,Gemeente Leiden,Leiden,19.890081529601375
Leiderdorp,Zuid-Holland,0.53,0.2,27657,74%,10%,15.37,0%,0%,"3,58%",11%,"0,79%",0%,"0,51%",0%,2413,"2,16",64.2,"35,8","23,5","12,3",423,Gemeente Leiderdorp,Leiderdorp,14.696885219319896
Leidschendam-Voorburg,Zuid-Holland,0.55,0.2,77753,75%,"9,30%",14.44,0%,0%,"3,57%",10%,"0,87%",0%,"0,72%",0%,2399,"2,05",57.8,"42,2","24,9","17,3",389,Gemeente Leidschendam-Voorburg,Leidschendam-Voorburg,13.83073921238053
Lelystad,Flevoland,0.6,0.3,83033,67%,17%,13.86,0%,0%,"4,68%","8,30%","0,88%",0%,"1,79%",0%,367,"2,24",62.0,38,28,10,342,Gemeente Lelystad,Lelystad,11.021018064643652
Leudal,Limburg,0.71,0.32,36141,70%,18%,10.47,0%,0%,"2,57%","7,70%","0,20%",0%,"1,74%",0%,222,"2,18",77.4,"22,6","12,5","10,1",338,Gemeente Leudal,Leudal,9.117845300464305
Leusden,Utrecht,0.53,0.16,31467,70%,14%,14.16,0%,0%,"4,33%","9,20%","0,63%",0%,"0,95%",0%,541,"2,25",71.0,29,"20,7","8,3",459,Gemeente Leusden,Leusden,13.099283005129323
Lingewaard,Gelderland,0.65,0.26,47220,71%,15%,12.05,0%,0%,"3,28%","8,10%","0,67%","0,11%","1,19%",0%,764,"2,32",72.9,"27,1","18,9","8,2",395,Gemeente Lingewaard,Lingewaard,11.236445868460272
Lisse,Zuid-Holland,0.62,0.24,23390,73%,13%,12.27,0%,0%,"3,40%","8,10%","0,77%",0%,"0,99%",0%,1494,"2,19",64.3,"35,7","26,5","9,2",408,Gemeente Lisse,Lisse,12.66505472128968
Lochem,Gelderland,0.6,0.14,34314,69%,18%,11.23,0%,0%,"3,79%","6,70%","0,74%",0%,"1,41%",0%,161,"2,2",71.1,"28,9","17,9",11,465,Gemeente Lochem,Lochem,11.73130608482474
Loon op Zand,Noord-Brabant,0.7,0.32,23797,73%,16%,10.59,0%,0%,"2,98%",7%,"0,61%",0%,"0,93%",0%,478,"2,26",65.4,"34,6","23,1","11,5",384,Gemeente Loon op Zand,Loon op Zand,10.841014660246058
Lopik,Utrecht,0.65,0.29,14704,63%,27%,9.39,0%,0%,"2,73%","6,10%","0,56%",0%,"1,09%",0%,195,"2,47",74.2,"25,9","17,4","8,5",452,Gemeente Lopik,Lopik,12.212679530708307
Losser,Overijssel,0.8,0.27,23362,73%,17%,9.09,0%,0%,"2,31%","6,50%","0,28%",0%,"0,79%",0%,237,"2,32",70.3,"29,6","18,7","10,9",368,Gemeente Losser,Losser,8.29600002253081
Maasdriel,Gelderland,0.73,0.37,26020,60%,28%,11.14,0%,0%,"3,94%","6,60%","0,60%",0%,"1,07%",0%,398,"2,28",71.6,"28,3","19,9","8,4",422,Gemeente Maasdriel,Maasdriel,11.539790418816445
Maasgouw,Limburg,0.71,0.35,24305,72%,15%,10.86,0%,0%,"2,50%","8,10%","0,26%",0%,"1,98%",0%,534,"2,13",74.3,"25,6","16,1","9,5",322,Gemeente Maasgouw,Maasgouw,9.444758774843969
Maashorst,Noord-Brabant,0.65,0.27,58934,63%,23%,12.56,0%,0%,"4,36%","7,80%","0,40%",0%,"1,31%",0%,431,"2,23",64.7,"35,2","25,4","9,8",402,Gemeente Maashorst,Maashorst,11.384250255361724
Maassluis,Zuid-Holland,0.6,0.28,35303,75%,11%,13.25,0%,0%,"2,65%","9,90%","0,70%",0%,"0,49%",0%,4243,"2,22",54.8,"45,1","38,8","6,3",324,Gemeente Maassluis,Maassluis,14.386357587976335
Maastricht,Limburg,0.53,0.26,122734,76%,12%,11.17,0%,0%,"2,41%","8,40%","0,36%",0%,"1,02%",0%,2246,"1,68",38.0,"61,2","33,8","27,4",297,Gemeente Maastricht,Maastricht,13.020288480778424
Medemblik,Noord-Holland,0.66,0.26,46031,61%,27%,9.74,0%,0%,"3,21%","5,90%","0,63%","0,44%","1,86%",0%,379,"2,28",69.7,"30,2","23,1","7,1",387,Gemeente Medemblik,Medemblik,10.635591337056828
Meerssen,Limburg,0.65,0.3,18600,74%,13%,11.47,0%,0%,"2,68%","8,50%","0,29%",0%,"1,49%",0%,695,"2,13",72.4,"27,6","19,3","8,3",344,Gemeente Meerssen,Meerssen,10.444203773948397
Meierijstad,Noord-Brabant,0.67,0.29,83715,65%,23%,10.82,0%,0%,"3,48%","6,80%","0,54%",0%,"1,21%",0%,458,"2,26",69.1,"30,9","21,1","9,8",420,Gemeente Meierijstad,Meierijstad,11.626185816662241
Meppel,Drenthe,0.59,0.22,35464,67%,20%,11.06,0%,0%,"2,61%","7,80%","0,65%",0%,"1,42%",0%,645,"2,11",57.7,"42,3","30,7","11,6",298,Gemeente Meppel,Meppel,9.768300664821284
Middelburg,Zeeland,0.46,0.18,49956,73%,16%,10.1,0%,0%,"2,80%","6,90%","0,40%",0%,"0,64%",0%,1034,"2,03",60.3,"39,5","26,9","12,6",289,Gemeente Middelburg,Middelburg (Z.),11.210927770292386
Midden-Delfland,Zuid-Holland,0.62,0.21,19472,66%,19%,13.69,0%,0%,"3,95%",9%,"0,74%",0%,"0,74%",0%,411,"2,4",73.1,"26,9","21,6","5,3",481,Gemeente Midden-Delfland,Midden-Delfland,12.704256620694629
Midden-Drenthe,Drenthe,0.66,0.24,33987,63%,27%,8.18,0%,0%,"2,26%","5,40%","0,52%",0%,"1,37%",0%,100,"2,25",71.0,29,"22,2","6,8",328,Gemeente Midden-Drenthe,Midden-Drenthe,8.819529854509176
Midden-Groningen,Groningen,0.63,0.28,61554,69%,21%,8.44,0%,0%,"1,86%","6,20%","0,38%",0%,"1,61%",0%,221,"2,11",62.0,38,29,9,276,Gemeente Midden-Groningen,Midden-Groningen,8.81421241414096
Moerdijk,Noord-Brabant,0.7,0.33,37711,65%,23%,11.15,0%,0%,"3,08%","7,70%","0,37%","0,05%","1,10%",0%,239,"2,22",66.5,"33,4","26,6","6,8",353,Gemeente Moerdijk,Moerdijk,9.988783365261039
Molenlanden,Zuid-Holland,0.52,0.22,45158,65%,24%,9.59,0%,0%,"2,94%","6,30%","0,35%",0%,"1,03%",0%,249,"2,54",69.7,"30,3","24,7","5,6",413,Gemeente Molenlanden,Molenlanden,12.55330053638622
Montferland,Gelderland,0.73,0.32,36882,71%,18%,9.91,0%,0%,"2,73%","6,80%","0,38%",0%,"1,09%",0%,349,"2,24",66.5,"33,4","23,1","10,3",295,Gemeente Montferland,Montferland,8.308039996017767
Montfoort,Utrecht,0.62,0.23,13929,66%,22%,11.51,0%,0%,"3,33%","7,50%","0,68%",0%,"1,31%",0%,369,"2,39",74.2,"25,8","16,1","9,7",455,Gemeente Montfoort,Montfoort,12.253941402528483
Mook en Middelaar,Limburg,0.54,0.2,8043,70%,16%,13.06,0%,0%,"3,55%","8,80%","0,71%",0%,"1,29%",0%,469,"2,12",74.2,"25,8",16,"9,8",426,Gemeente Mook en Middelaar,Mook en Middelaar,12.473384424033268
Neder-Betuwe,Gelderland,0.48,0.26,25448,63%,26%,9.99,0%,0%,"2,84%","6,50%","0,65%",0%,"1,25%",0%,429,"2,62",66.2,"33,8","27,8",6,368,Gemeente Neder-Betuwe,Neder-Betuwe,12.748331134832732
Nederweert,Limburg,0.72,0.31,17499,68%,20%,9.74,"0,08%",0%,"3,00%","6,30%","0,44%",0%,"1,82%",0%,175,"2,24",70.9,29,"19,2","9,8",376,Gemeente Nederweert,Nederweert,9.85747155239474
Nieuwegein,Utrecht,0.58,0.27,65426,70%,15%,14.42,0%,0%,"3,82%",10%,"0,60%",0%,"0,88%","0,12%",2817,"2,12",57.8,"42,2","29,5","12,7",351,Gemeente Nieuwegein,Nieuwegein,13.686309130394385
Nieuwkoop,Zuid-Holland,0.68,0.26,29463,68%,20%,11.91,0%,0%,"3,54%","7,80%","0,57%",0%,"1,04%",0%,376,"2,35",72.5,"27,5","20,6","6,9",476,Gemeente Nieuwkoop,Nieuwkoop,12.271770205899493
Nijkerk,Gelderland,0.59,0.24,44975,68%,20%,10.84,0%,0%,"3,06%","7,10%","0,68%",0%,"1,05%",0%,654,"2,42",69.9,"30,1","22,9","7,2",470,Gemeente Nijkerk,Nijkerk,13.476830962445224
Nijmegen,Gelderland,0.35,0.15,182480,73%,14%,11.38,"0,04%",0%,"3,25%","7,60%","0,53%","0,12%","1,25%",0%,3542,"1,78",43.5,"56,4","38,5","17,9",373,Gemeente Nijmegen,Nijmegen,17.131436240593295
Nissewaard,Zuid-Holland,0.68,0.38,86833,73%,12%,14.21,"0,04%",0%,"3,75%",10%,"0,46%","0,04%","0,85%",0%,1195,"2,18",58.9,"41,1","36,3","4,8",288,Gemeente Nissewaard,Nissewaard,10.435995547452109
Noardeast-Fryslï¿½n,Fryslï¿½n,0.66,0.27,45812,66%,28%,4.55,0%,0%,"1,44%","2,87%","0,24%",0%,"1,06%",0%,121,"2,24",66.6,"33,3","23,8","9,5",283,Gemeente Noardeast-Fryslï¿½n,Noardeast-Fryslï¿½n,8.252707291578433
Noord-Beveland,Zeeland,0.64,0.26,7857,66%,23%,10.16,0%,0%,"3,19%","6,80%","0,17%",0%,"0,83%",0%,92,"2,01",73.0,"24,2",13,"11,2",306,Gemeente Noord-Beveland,Noord-Beveland,8.733401350514171
Noordenveld,Drenthe,0.58,0.2,31591,69%,21%,8.81,0%,0%,"2,57%","5,60%","0,64%",0%,"1,28%",0%,159,"2,16",71.2,"28,8","18,9","9,9",367,Gemeente Noordenveld,Noordenveld,10.40705921075562
Noordoostpolder,Flevoland,0.64,0.24,49729,61%,27%,10.46,0%,0%,"3,88%","5,90%","0,68%",0%,"1,70%",0%,109,"2,31",65.4,"34,6","22,5","12,1",326,Gemeente Noordoostpolder,Noordoostpolder,9.198194321537429
Noordwijk,Zuid-Holland,0.66,0.26,45179,70%,15%,13.59,"0,05%",0%,"3,94%","8,80%","0,85%",0%,"1,00%",0%,784,"2,13",63.1,"36,5","20,9","15,6",494,Gemeente Noordwijk,Noordwijk,13.584289918532086
"Nuenen, Gerwen en Nederwetten",Noord-Brabant,0.59,0.2,24015,70%,15%,14.22,0%,0%,"4,33%","9,20%","0,69%",0%,"1,06%",0%,720,"2,26",75.7,"24,3","15,3",9,494,"Gemeente Nuenen, Gerwen en Nederwetten","Nuenen, Gerwen en Nederwetten",13.525248998464207
Nunspeet,Gelderland,0.49,0.21,28731,68%,21%,9.53,0%,0%,"2,56%","6,30%","0,67%",0%,"1,26%",0%,226,"2,45",65.2,"34,8","22,9","11,9",425,Gemeente Nunspeet,Nunspeet,13.217041556922261
Oegstgeest,Zuid-Holland,0.47,0.13,25746,71%,11%,16.81,0%,0%,"4,66%",11%,"1,15%",0%,"0,47%",0%,3557,"2,25",72.1,"27,8","15,9","11,9",565,Gemeente Oegstgeest,Oegstgeest,18.864220068877657
Oirschot,Noord-Brabant,0.7,0.27,19217,68%,20%,10.69,0%,0%,"3,71%","6,40%","0,58%",0%,"1,17%",0%,189,"2,33",75.5,"24,5","12,9","11,6",501,Gemeente Oirschot,Oirschot,12.399211301209064
Oisterwijk,Noord-Brabant,0.65,0.23,32941,68%,17%,13.24,0%,0%,"4,02%","8,40%","0,82%",0%,"1,03%",0%,411,"2,21",68.5,"31,2","19,9","11,3",496,Gemeente Oisterwijk,Oisterwijk,12.95869676975729
Oldambt,Groningen,0.66,0.33,39044,71%,20%,7.69,0%,0%,"2,03%","5,50%","0,16%",0%,"1,33%",0%,174,"2,04",63.3,"36,2","25,5","10,7",264,Gemeente Oldambt,Oldambt,8.563000337454907
Oldebroek,Gelderland,0.56,0.25,24264,65%,25%,7.96,0%,0%,"2,23%","5,20%","0,53%",0%,"1,69%",0%,249,"2,5",69.2,"30,7","22,5","8,2",369,Gemeente Oldebroek,Oldebroek,11.352957925131955
Oldenzaal,Overijssel,0.73,0.23,31925,68%,20%,11.68,0%,0%,"3,30%",8%,"0,38%",0%,"0,71%",0%,1475,"2,18",62.5,"37,4","28,2","9,2",352,Gemeente Oldenzaal,Oldenzaal,9.886983352349727
Olst-Wijhe,Overijssel,0.65,0.2,18682,70%,20%,8.74,0%,0%,"2,57%","5,60%","0,57%",0%,"1,95%",0%,166,"2,31",69.5,"30,5","22,5",8,390,Gemeente Olst-Wijhe,Olst-Wijhe,10.039473892362693
Ommen,Overijssel,0.65,0.18,18955,65%,25%,9.53,0%,0%,"2,93%",6%,"0,60%",0%,"1,06%",0%,106,"2,32",71.0,"28,9","17,6","11,3",410,Gemeente Ommen,Ommen,10.188171900943066
Oost Gelre,Gelderland,0.73,0.21,29846,69%,21%,9.41,"0,05%",0%,"2,58%","6,30%","0,53%",0%,"0,97%",0%,273,"2,29",74.4,"25,5","14,9","10,6",307,Gemeente Oost Gelre,Oost Gelre,7.202954798027094
Oosterhout,Noord-Brabant,0.65,0.29,57425,68%,17%,14.05,0%,0%,"4,39%","9,20%","0,46%",0%,"0,87%",0%,811,"2,18",60.9,"38,8","31,7","7,1",366,Gemeente Oosterhout,Oosterhout,11.252153274048737
Ooststellingwerf,Fryslï¿½n,0.66,0.27,25837,64%,27%,6.97,0%,0%,"2,01%","4,55%","0,41%",0%,"2,06%",0%,116,"2,17",67.4,"32,6","26,6",6,310,Gemeente Ooststellingwerf,Ooststellingwerf,8.827097408622734
Oostzaan,Noord-Holland,0.63,0.31,9720,68%,17%,14.15,0%,0%,"3,76%","9,50%","0,89%",0%,"1,02%",0%,839,"2,32",67.1,"32,9",28,"4,9",490,Gemeente Oostzaan,Oostzaan,14.336681455517574
Opmeer,Noord-Holland,0.69,0.26,12180,69%,21%,8.33,0%,0%,"2,54%","5,30%","0,49%",0%,"1,58%",0%,294,"2,29",75.8,"24,2","1,8","22,4",379,Gemeente Opmeer,Opmeer,9.814317117083762
Opsterland,Fryslï¿½n,0.6,0.23,30054,65%,27%,6.52,0%,0%,"2,18%","3,97%","0,37%",0%,"1,68%",0%,134,"2,29",70.3,"29,7","21,5","8,2",338,Gemeente Opsterland,Opsterland,9.792554317521962
Oss,Noord-Brabant,0.63,0.32,94437,66%,21%,11.32,"0,18%",0%,"3,36%","7,50%","0,46%","0,02%","1,23%",0%,584,"2,19",62.7,"37,3","27,1","10,2",365,Gemeente Oss,Oss,11.524145099834326
Oude IJsselstreek,Gelderland,0.69,0.24,39613,73%,18%,8.34,0%,0%,"2,22%","5,80%","0,32%",0%,"1,02%",0%,290,"2,22",66.2,"33,8","24,4","9,4",329,Gemeente Oude IJsselstreek,Oude IJsselstreek,8.754929082569987
Ouder-Amstel,Noord-Holland,0.48,0.14,14276,49%,12%,38.05,0%,0%,28%,"9,30%","0,75%",0%,"0,64%",0%,603,"2,16",55.2,"44,8","31,8",13,559,Gemeente Ouder-Amstel,Ouder-Amstel,16.269267065387808
Oudewater,Utrecht,0.65,0.25,10232,63%,25%,10.61,0%,0%,"3,51%","6,40%","0,70%",0%,"0,91%",0%,263,"2,28",69.0,"30,9","21,4","9,5",420,Gemeente Oudewater,Oudewater,11.309147464325155
Overbetuwe,Gelderland,0.61,0.25,48707,67%,19%,13.52,0%,0%,"4,36%","8,60%","0,56%",0%,"1,35%",0%,449,"2,36",68.3,"31,6","21,7","9,9",405,Gemeente Overbetuwe,Overbetuwe,11.707127231566789
Papendrecht,Zuid-Holland,0.61,0.29,32277,72%,14%,13.15,0%,0%,"3,45%","9,20%","0,50%","0,08%","0,74%",0%,3418,"2,23",65.5,"34,4","28,1","6,3",344,Gemeente Papendrecht,Papendrecht,13.71053959530079
Peel en Maas,Limburg,0.72,0.34,45276,71%,18%,8.9,0%,0%,"2,16%","6,40%","0,34%",0%,"1,79%",0%,286,"2,23",73.3,"26,5","19,5",7,357,Gemeente Peel en Maas,Peel en Maas,9.776273054674125
Pekela,Groningen,0.72,0.42,12404,72%,20%,6.0,0%,0%,"1,27%","4,27%","0,46%",0%,"2,31%",0%,255,"2,15",64.2,"35,7","24,4","11,3",203,Gemeente Pekela,Pekela,7.354150536216459
Pijnacker-Nootdorp,Zuid-Holland,0.61,0.24,57672,68%,14%,17.15,0%,0%,"5,20%",11%,"0,95%",0%,"0,66%",0%,1571,"2,5",71.8,"28,2","19,5","8,7",500,Gemeente Pijnacker-Nootdorp,Pijnacker-Nootdorp,14.72025063992687
Purmerend,Noord-Holland,0.64,0.32,93992,71%,14%,13.82,0%,0%,"3,37%","9,70%","0,75%",0%,"0,94%",0%,1017,"2,17",59.8,"40,2","31,9","8,3",394,Gemeente Purmerend,Purmerend,12.534404960860506
Putten,Gelderland,0.59,0.23,24904,67%,22%,9.13,0%,0%,"2,47%",6%,"0,66%",0%,"1,33%",0%,293,"2,43",67.1,"32,8","21,7","11,1",485,Gemeente Putten,Putten,13.434263527335442
Raalte,Overijssel,0.73,0.18,38500,67%,22%,9.83,"0,16%",0%,"3,15%","6,10%","0,58%",0%,"1,42%",0%,224,"2,31",69.3,"30,6","23,5","7,1",390,Gemeente Raalte,Raalte,8.83935533915038
Reimerswaal,Zeeland,0.46,0.23,23255,67%,25%,7.66,0%,0%,"2,11%","5,10%","0,45%",0%,"0,75%",0%,229,"2,45",70.6,"28,7","21,1","7,6",296,Gemeente Reimerswaal,Reimerswaal,10.804927239664217
Renkum,Gelderland,0.47,0.16,31461,72%,13%,13.53,0%,0%,"4,14%","8,70%","0,69%",0%,"1,27%",0%,684,"2,03",63.3,"36,6","20,8","15,8",414,Gemeente Renkum,Renkum,13.239715624972336
Renswoude,Utrecht,0.58,0.24,5747,62%,27%,9.69,0%,0%,"2,46%","6,50%","0,73%",0%,"1,04%",0%,313,"2,55",74.2,"25,5",0,"25,5",516,Gemeente Renswoude,Renswoude,14.18695671469344
Reusel-De Mierden,Noord-Brabant,0.71,0.29,13542,67%,24%,8.02,0%,0%,"1,96%","5,80%","0,26%",0%,"1,27%",0%,174,"2,33",76.6,"23,3",13,"10,3",439,Gemeente Reusel-De Mierden,Reusel-De Mierden,11.041575716710236
Rheden,Gelderland,0.52,0.22,43570,72%,15%,11.83,"0,06%",0%,"3,64%","7,70%","0,49%",0%,"1,53%",0%,534,"1,99",55.8,"44,2","28,6","15,6",361,Gemeente Rheden,Rheden,12.042619132766477
Rhenen,Utrecht,0.52,0.24,20329,67%,19%,12.58,0%,0%,"2,68%","9,20%","0,70%",0%,"1,29%",0%,482,"2,34",64.7,"35,3","27,2","8,1",435,Gemeente Rhenen,Rhenen,13.599787295348236
Ridderkerk,Zuid-Holland,0.59,0.32,47477,71%,15%,13.59,0%,0%,"3,27%","9,90%","0,42%",0%,"0,69%",0%,2033,"2,21",57.3,"42,7","38,1","4,6",342,Gemeente Ridderkerk,Ridderkerk,13.09812532090643
Rijssen-Holten,Overijssel,0.55,0.19,38493,64%,23%,11.07,"0,14%",0%,"3,22%","7,30%","0,55%",0%,"1,23%",0%,411,"2,59",69.2,"30,8","20,9","9,9",380,Gemeente Rijssen-Holten,Rijssen-Holten,11.29446724594819
Rijswijk,Zuid-Holland,0.55,0.26,57997,71%,12%,16.32,0%,0%,"4,48%",11%,"0,84%",0%,"0,61%",0%,4267,"2,04",49.0,"50,9","32,1","18,8",355,Gemeente Rijswijk,Rijswijk (ZH.),15.719858423516943
Roerdalen,Limburg,0.72,0.38,20702,74%,14%,10.62,0%,0%,"2,32%","8,30%",0%,0%,"1,42%",0%,236,"2,13",74.5,"25,4","16,1","9,3",307,Gemeente Roerdalen,Roerdalen,8.979714955623594
Roermond,Limburg,0.62,0.32,59981,72%,15%,12.2,0%,0%,"3,02%","8,70%","0,48%",0%,"1,28%",0%,1002,"2,02",54.3,"45,5","29,4","16,1",292,Gemeente Roermond,Roermond,10.663145385303494
Roosendaal,Noord-Brabant,0.65,0.3,77613,71%,17%,10.53,0%,0%,"2,66%","7,50%","0,37%",0%,"0,64%",0%,728,"2,11",61.7,"38,1","27,3","10,8",300,Gemeente Roosendaal,Roosendaal,9.781347864717683
Rotterdam,Zuid-Holland,0.44,0.21,663900,70%,16%,13.38,"0,03%",0%,"4,04%","8,60%","0,74%",0%,"0,95%",0%,3070,"1,93",34.5,"65,4","43,3","22,1",334,Gemeente Rotterdam,Rotterdam,15.440041492514464
Rozendaal,Gelderland,0.54,0.08,1754,64%,15%,20.81,0%,0%,"7,50%",11%,"2,31%",0%,0%,0%,66,"2,43",88.6,"11,4","6,5","4,9",769,Gemeente Rozendaal,Rozendaal,18.139946734120347
Rucphen,Noord-Brabant,0.83,0.54,23636,71%,19%,9.84,0%,0%,"2,63%","6,80%","0,41%",0%,"1,03%",0%,372,"2,28",66.9,"33,1","28,1",5,370,Gemeente Rucphen,Rucphen,10.83510194183915
Schagen,Noord-Holland,0.64,0.24,47450,67%,21%,10.49,0%,0%,"3,18%","6,70%","0,61%",0%,"1,67%",0%,284,"2,2",69.5,"30,4","21,3","9,1",359,Gemeente Schagen,Schagen,9.993777395502658
Scherpenzeel,Gelderland,0.57,0.24,10386,67%,22%,9.93,0%,0%,"2,34%",7%,"0,59%",0%,"0,92%",0%,750,"2,43",73.2,"26,7","16,7",10,417,Gemeente Scherpenzeel,Scherpenzeel,12.570137243743199
Schiedam,Zuid-Holland,0.53,0.28,80628,70%,16%,13.3,"0,09%",0%,"3,47%","9,20%","0,63%",0%,"0,92%",0%,4596,"2,08",49.0,"50,9","30,6","20,3",299,Gemeente Schiedam,Schiedam,15.258623998912226
Schiermonnikoog,Fryslï¿½n,0.47,0.11,982,71%,26%,2.76,0%,0%,0%,"2,76%",0%,0%,0%,0%,23,"1,71",52.9,"46,4","25,8","20,6",405,Gemeente Schiermonnikoog,Schiermonnikoog,12.176927973131065
Schouwen-Duiveland,Zeeland,0.59,0.24,34561,66%,23%,10.49,0%,0%,"3,18%",7%,"0,31%",0%,"0,88%",0%,151,"2,13",68.0,"31,7",24,"7,7",382,Gemeente Schouwen-Duiveland,Schouwen-Duiveland,11.080531467842919
s-Gravenhage,Zuid-Holland,0.47,0.22,562839,66%,17%,16.49,"0,03%",0%,"6,60%","9,40%","0,49%",0%,"0,71%",0%,6868,"1,97",41.8,"57,9","30,4","27,5",363,Gemeente Den Bosch,s-Gravenhage (gemeente),19.288376606951836
s-Hertogenbosch,Noord-Brabant,0.54,0.24,158753,65%,17%,16.88,"0,01%",0%,"6,10%","9,80%","0,98%","0,04%","0,84%","0,01%",1468,"2,04",52.1,"47,8","33,3","14,5",406,Gemeente Den Haag,s-Hertogenbosch,13.982503508367243
Simpelveld,Limburg,0.71,0.37,10396,80%,10%,9.33,0%,0%,"2,13%",7%,"0,20%",0%,"0,74%",0%,640,"2,08",63.8,36,"24,1","11,9",253,Gemeente Simpelveld,Simpelveld,8.489613841488092
Sint-Michielsgestel,Noord-Brabant,0.62,0.25,30135,66%,20%,12.52,0%,0%,"3,37%","8,40%","0,75%",0%,"1,00%",0%,516,"2,36",74.7,"25,3","16,3",9,465,Gemeente Sint-Michielsgestel,Sint-Michielsgestel,12.804101506242588
Sittard-Geleen,Limburg,0.64,0.34,92234,73%,14%,11.94,0%,0%,"3,34%","8,40%","0,20%",0%,"1,15%",0%,1179,"1,97",58.5,"41,4","27,7","13,7",252,Gemeente Sittard-Geleen,Sittard-Geleen,9.766516623108945
Sliedrecht,Zuid-Holland,0.51,0.26,26184,70%,17%,11.66,0%,0%,"3,00%","8,20%","0,46%",0%,"1,98%",0%,2044,"2,31",58.0,42,"33,7","8,3",314,Gemeente Sliedrecht,Sliedrecht,12.937728124557577
Sluis,Zeeland,0.68,0.27,23243,70%,21%,8.63,0%,0%,"1,77%","6,70%","0,16%",0%,"0,67%",0%,83,"2,01",67.2,28,"15,9","12,1",322,Gemeente Sluis,Sluis,8.801160525488884
Smallingerland,Fryslï¿½n,0.57,0.24,56098,59%,24%,15.38,"0,13%",0%,"8,10%","6,90%","0,38%",0%,"1,14%","0,03%",484,"2,14",59.7,"40,2",30,"10,2",287,Gemeente Smallingerland,Smallingerland,9.777877062687278
Soest,Utrecht,0.56,0.2,47439,70%,15%,13.86,"0,06%",0%,"4,20%","8,80%","0,86%",0%,"1,37%",0%,1031,"2,22",64.2,"35,7","21,6","14,1",454,Gemeente Soest,Soest,13.642123737835703
Someren,Noord-Brabant,0.75,0.3,20061,64%,25%,9.6,0%,0%,"2,78%","6,30%","0,52%",0%,"1,56%",0%,252,"2,33",72.4,"27,5","20,3","7,2",408,Gemeente Someren,Someren,10.10637962603261
Son en Breugel,Noord-Brabant,0.62,0.22,18010,65%,20%,13.75,"0,13%",0%,"4,69%","8,30%","0,76%",0%,"1,01%",0%,692,"2,32",74.7,"25,3","15,4","9,9",490,Gemeente Son en Breugel,Son en Breugel,13.234493065723573
Stadskanaal,Groningen,0.66,0.33,32135,68%,22%,8.15,0%,0%,"1,89%","5,90%","0,36%",0%,"1,59%",0%,272,"2,11",60.5,"38,9",30,"8,9",264,Gemeente Stadskanaal,Stadskanaal,8.73258917641207
Staphorst,Overijssel,0.46,0.21,17628,63%,31%,5.22,0%,0%,"1,18%","3,67%","0,37%",0%,"1,31%",0%,132,"2,78",78.0,22,"10,7","11,3",358,Gemeente Staphorst,Staphorst,11.695307041672942
Stede Broec,Noord-Holland,0.68,0.31,22138,72%,16%,10.71,0%,0%,"2,66%","7,30%","0,75%",0%,"1,75%",0%,1534,"2,29",70.0,30,"24,9","5,1",363,Gemeente Stede Broec,Stede Broec,11.44699205400255
Steenbergen,Noord-Brabant,0.74,0.37,24610,70%,19%,9.3,0%,0%,"2,65%","6,30%","0,35%",0%,"1,25%",0%,167,"2,18",70.2,"29,7","21,6","8,1",345,Gemeente Steenbergen,Steenbergen,9.506635576800731
Steenwijkerland,Overijssel,0.66,0.25,45376,63%,27%,8.89,0%,0%,"2,25%","6,20%","0,44%",0%,"1,26%",0%,158,"2,22",66.2,"33,8",25,"8,8",323,Gemeente Steenwijkerland,Steenwijkerland,8.990953858617624
Stein,Limburg,0.7,0.38,24772,75%,13%,10.14,0%,0%,"2,21%","7,70%","0,23%","0,06%","1,76%",0%,1183,"2,12",71.8,"28,1","21,8","6,3",291,Gemeente Stein,Stein (L.),9.883203712526624
Stichtse Vecht,Utrecht,0.59,0.23,65771,69%,14%,15.67,0%,0%,"5,30%","9,50%","0,87%",0%,"0,95%",0%,686,"2,24",65.0,35,"21,8","13,2",460,Gemeente Stichtse Vecht,Stichtse Vecht,13.316468446122334
Sï¿½dwest-Fryslï¿½n,Fryslï¿½n,0.62,0.23,90883,64%,27%,7.67,0%,0%,"2,38%","4,90%","0,39%",0%,"1,10%",0%,173,"2,16",65.1,"34,7","25,8","8,9",300,Gemeente Sï¿½dwest-Fryslï¿½n,Sï¿½dwest-Fryslï¿½n,8.857240965028012
Terneuzen,Zeeland,0.63,0.3,54993,73%,16%,10.27,0%,0%,"2,24%","7,70%","0,33%",0%,"0,79%",0%,220,"2,06",68.1,"30,6","18,4","12,2",243,Gemeente Terneuzen,Terneuzen,8.115633896836867
Terschelling,Fryslï¿½n,0.59,0.2,4928,68%,27%,5.07,0%,0%,"0,94%","3,79%","0,34%",0%,"0,34%",0%,56,"1,83",63.0,"37,1","19,2","17,9",437,Gemeente Terschelling,Terschelling,11.94784475394803
Texel,Noord-Holland,0.6,0.21,13979,63%,28%,7.72,0%,0%,"2,73%","4,50%","0,49%",0%,"0,56%",0%,85,2,66.3,"33,5","21,6","11,9",395,Gemeente Texel,Texel,10.920554564820769
Teylingen,Zuid-Holland,0.61,0.21,38510,68%,14%,17.42,0%,0%,"6,70%",10%,"0,72%",0%,"0,75%",0%,1358,"2,27",65.5,"34,4","21,7","12,7",462,Gemeente Teylingen,Teylingen,13.537882972044684
Tholen,Zeeland,0.54,0.27,26825,67%,23%,8.59,0%,0%,"2,70%","5,50%","0,39%",0%,"1,30%",0%,183,"2,39",72.1,"27,7",21,"6,7",287,Gemeente Tholen,Tholen,9.852176495239496
Tiel,Gelderland,0.61,0.3,42604,63%,19%,16.37,"0,03%",0%,"6,80%","9,20%","0,37%",0%,"1,34%",0%,1292,"2,18",56.2,"43,7","33,9","9,8",348,Gemeente Tiel,Tiel,12.07552430616116
Tilburg,Noord-Brabant,0.52,0.23,227707,63%,16%,20.14,"0,04%",0%,"8,70%",11%,"0,44%",0%,"0,76%",0%,1826,"1,95",49.7,"50,3","31,7","18,6",326,Gemeente Tilburg,Tilburg,12.782456643776559
Tubbergen,Overijssel,0.87,0.26,21408,62%,27%,10.13,0%,0%,"2,93%",7%,"0,20%",0%,"0,47%",0%,146,"2,52",72.3,"27,4","11,6","15,8",426,Gemeente Tubbergen,Tubbergen,8.414379337601897
Twenterand,Overijssel,0.74,0.29,33867,68%,23%,7.65,0%,0%,"1,71%","5,60%","0,34%",0%,"1,46%",0%,321,"2,48",66.8,"33,2","25,1","8,1",339,Gemeente Twenterand,Twenterand,8.821465225930273
Tynaarlo,Drenthe,0.52,0.16,34592,59%,18%,22.2,0%,0%,13%,"8,40%","0,80%",0%,"0,91%",0%,243,"2,28",76.9,23,"14,6","8,4",409,Gemeente Tynaarlo,Tynaarlo,11.673907749961202
Tytsjerksteradiel,Fryslï¿½n,0.61,0.24,32408,65%,27%,6.94,0%,0%,"2,18%","4,52%","0,24%",0%,"1,20%",0%,219,"2,27",72.0,28,"19,1","8,9",295,Gemeente Tytsjerksteradiel,Tytsjerksteradiel,8.839932904159753
Uitgeest,Noord-Holland,0.61,0.24,13472,71%,15%,12.42,0%,0%,"3,57%","8,10%","0,75%",0%,"1,52%",0%,700,"2,34",72.8,"27,2","21,1","6,1",443,Gemeente Uitgeest,Uitgeest,12.578315655878578
Uithoorn,Noord-Holland,0.62,0.24,31442,70%,14%,15.26,"0,06%",0%,"4,47%",10%,"0,79%",0%,"0,80%",0%,1749,"2,28",59.8,"40,1","30,8","9,3",433,Gemeente Uithoorn,Uithoorn,13.58849005606128
Urk,Flevoland,0.38,0.26,21829,59%,24%,15.71,0%,0%,"2,11%",13%,"0,60%",0%,"0,95%",0%,1671,"3,17",77.7,"22,3","13,7","8,6",343,Gemeente Urk,Urk,14.426459453479023
Utrecht,Utrecht,0.29,0.1,367947,65%,16%,17.58,"0,03%",0%,"8,20%","8,60%","0,78%","0,01%","0,98%",0%,3991,"1,92",44.0,"55,8","30,7","25,1",450,Gemeente Utrecht,Utrecht (gemeente),19.570765149395097
Utrechtse Heuvelrug,Utrecht,0.48,0.15,50429,68%,16%,14.41,0%,0%,"4,49%",9%,"0,92%",0%,"1,42%",0%,383,"2,19",64.2,"35,7","22,9","12,8",508,Gemeente Utrechtse Heuvelrug,Utrechtse Heuvelrug,14.781401054421824
Vaals,Limburg,0.64,0.3,10190,80%,10%,8.41,0%,0%,"2,44%","5,70%","0,27%",0%,"1,06%",0%,424,"1,79",44.1,"54,1",27,"27,1",220,Gemeente Vaals,Vaals,8.3056968082383
Valkenburg aan de Geul,Limburg,0.66,0.3,16423,76%,12%,10.84,0%,0%,"2,59%","7,80%","0,45%",0%,"1,15%",0%,447,"1,99",60.1,"39,8","17,8",22,319,Gemeente Valkenburg aan de Geul,Valkenburg aan de Geul,9.839781134842834
Valkenswaard,Noord-Brabant,0.68,0.3,31527,72%,14%,12.57,0%,0%,"3,64%","8,40%","0,53%",0%,"1,07%",0%,578,"2,1",60.2,"39,8","28,9","10,9",380,Gemeente Valkenswaard,Valkenswaard,11.05524449664438
Veendam,Groningen,0.66,0.32,27616,70%,19%,8.99,0%,0%,"2,03%","6,60%","0,36%",0%,"1,72%",0%,362,"2,12",65.1,"34,8","23,8",11,226,Gemeente Veendam,Veendam,7.754241092717864
Veenendaal,Utrecht,0.52,0.22,68525,68%,15%,15.12,"0,04%",0%,"3,44%",11%,"0,68%",0%,"0,88%",0%,3575,"2,31",59.5,"40,6","30,8","9,8",389,Gemeente Veenendaal,Veenendaal,15.527283689989291
Veere,Zeeland,0.51,0.15,22045,69%,21%,9.66,0%,0%,"2,64%","6,60%","0,42%",0%,"0,41%",0%,166,"2,24",78.7,"20,3",10,"10,3",436,Gemeente Veere,Veere,12.18574173517622
Veldhoven,Noord-Brabant,0.65,0.27,46417,71%,15%,13.04,0%,0%,"3,33%",9%,"0,71%",0%,"0,96%",0%,1478,"2,2",67.0,"32,9","23,5","9,4",459,Gemeente Veldhoven,Veldhoven,13.610049924572579
Velsen,Noord-Holland,0.61,0.3,68790,73%,14%,11.8,0%,0%,"2,62%","8,50%","0,68%",0%,"1,18%",0%,1538,"2,15",56.5,"43,5","35,6","7,9",395,Gemeente Velsen,Velsen,13.352262595834071
Venlo,Limburg,0.66,0.36,103328,75%,14%,9.72,"0,03%",0%,"2,22%","7,20%","0,30%",0%,"1,10%",0%,836,"2,06",58.4,"41,5","27,9","13,6",288,Gemeente Venlo,Venlo,10.167857578780502
Venray,Limburg,0.67,0.28,44628,68%,21%,10.15,0%,0%,"2,58%","7,30%","0,27%",0%,"0,93%",0%,274,"2,17",64.2,"35,7","25,8","9,9",328,Gemeente Venray,Venray,9.431966620321802
Vijfheerenlanden,Utrecht,0.57,0.25,60052,62%,20%,16.06,0%,0%,"4,60%",11%,"0,46%",0%,"0,96%","0,06%",422,"2,39",63.1,"36,9","29,9",7,390,Gemeente Vijfheerenlanden,Vijfheerenlanden,12.017027044340697
Vlaardingen,Zuid-Holland,0.57,0.3,75079,73%,13%,12.34,0%,0%,"2,62%",9%,"0,72%",0%,"0,91%",0%,3270,"2,08",46.6,"53,3","40,9","12,4",290,Gemeente Vlaardingen,Vlaardingen,13.497345354626034
Vlieland,Fryslï¿½n,0.51,0.15,1291,65%,30%,4.58,0%,0%,0%,"4,58%",0%,0%,0%,0%,30,"1,64",37.2,62,"32,1","29,9",402,Gemeente Vlieland,Vlieland,12.39696245559614
Vlissingen,Zeeland,0.58,0.27,45150,75%,15%,9.21,0%,0%,"2,00%","6,80%","0,41%",0%,"0,92%",0%,1321,"1,93",56.6,"43,1","28,1",15,247,Gemeente Vlissingen,Vlissingen,9.94907782995396
Voerendaal,Limburg,0.65,0.3,12405,76%,12%,11.28,0%,0%,"2,93%","8,10%","0,25%",0%,"0,87%",0%,393,"2,19",70.2,"29,6","20,7","8,9",326,Gemeente Voerendaal,Voerendaal,9.808240680174357
Voorne aan Zee,Zuid-Holland,0.7,0.34,73945,71%,13%,13.85,0%,0%,"3,35%","9,90%","0,60%",0%,"1,34%",0%,610,"2,18",67.6,"32,4","22,2","10,2",389,Gemeente Voorne aan Zee,Voorne aan Zee,11.220329398946635
Voorschoten,Zuid-Holland,0.54,0.18,25665,76%,"9,80%",13.64,0%,0%,"3,34%","9,50%","0,80%",0%,"0,59%",0%,2306,"2,2",63.8,"36,2","22,1","14,1",501,Gemeente Voorschoten,Voorschoten,16.007060997917222
Voorst,Gelderland,0.66,0.19,25215,69%,20%,9.16,0%,0%,"3,02%","5,50%","0,64%",0%,"1,51%",0%,206,"2,32",68.4,"31,5","23,2","8,3",455,Gemeente Voorst,Voorst,11.321142540750358
Vught,Noord-Brabant,0.57,0.19,32113,70%,17%,12.95,0%,0%,"4,03%",8%,"0,92%",0%,"0,75%",0%,539,"2,25",64.6,"35,4","24,5","10,9",523,Gemeente Vught,Vught,14.455167016686016
Waadhoeke,Fryslï¿½n,0.63,0.24,46718,65%,26%,6.95,0%,0%,"1,77%","4,85%","0,33%",0%,"1,69%",0%,164,"2,2",68.0,32,"23,9","8,1",257,Gemeente Waadhoeke,Waadhoeke,7.781323400242214
Waalre,Noord-Brabant,0.56,0.18,17980,72%,13%,14.35,0%,0%,"3,92%","9,50%","0,93%",0%,"1,19%",0%,804,"2,25",74.1,"25,9","16,3","9,6",511,Gemeente Waalre,Waalre,14.228521063565267
Waalwijk,Noord-Brabant,0.66,0.32,49952,70%,18%,10.73,0%,0%,"3,31%",7%,"0,42%",0%,"1,09%",0%,779,"2,15",60.6,"39,4","30,1","9,3",351,Gemeente Waalwijk,Waalwijk,11.059275527605788
Waddinxveen,Zuid-Holland,0.56,0.25,32601,68%,15%,16.06,0%,0%,"4,32%",11%,"0,74%",0%,"1,04%",0%,1225,"2,42",65.8,"34,2","25,3","8,9",387,Gemeente Waddinxveen,Waddinxveen,12.793369377036687
Wageningen,Gelderland,0.31,0.1,40960,70%,14%,14.29,0%,0%,"4,24%","9,50%","0,55%",0%,"1,36%",0%,1400,"1,64",42.4,"57,5","40,4","17,1",352,Gemeente Wageningen,Wageningen,14.645743533123348
Wassenaar,Zuid-Holland,0.66,0.21,27093,72%,11%,16.49,0%,0%,5%,10%,"1,49%",0%,"0,49%",0%,530,"2,2",57.4,"42,5","25,8","16,7",729,Gemeente Wassenaar,Wassenaar,18.21946428641732
Waterland,Noord-Holland,0.57,0.21,17609,69%,17%,13.3,0%,0%,"3,71%","8,90%","0,69%",0%,"1,06%",0%,337,"2,22",69.7,"30,3","24,8","5,5",467,Gemeente Waterland,Waterland,13.07594066978924
Weert,Limburg,0.66,0.31,50872,73%,15%,10.51,0%,0%,"2,66%","7,40%","0,45%",0%,"1,59%",0%,490,"2,11",65.7,34,"23,2","10,8",335,Gemeente Weert,Weert,10.188031512265685
West Betuwe,Gelderland,0.62,0.28,52720,61%,25%,12.08,"0,04%",0%,"3,89%","7,60%","0,59%","0,03%","1,09%",0%,245,"2,43",72.5,"27,3","20,6","6,7",436,Gemeente West Betuwe,West Betuwe,12.250582216078076
West Maas en Waal,Gelderland,0.72,0.32,20065,65%,22%,11.5,0%,0%,"3,11%","7,90%","0,49%",0%,"1,41%",0%,267,"2,27",71.9,"28,1","19,8","8,3",404,Gemeente West Maas en Waal,West Maas en Waal,10.642184353897912
Westerkwartier,Groningen,0.58,0.22,64946,65%,26%,7.58,0%,0%,"2,28%","4,83%","0,47%",0%,"1,25%",0%,179,"2,32",72.7,"27,3","19,7","7,6",301,Gemeente Westerkwartier,Westerkwartier,9.116927818591877
Westerveld,Drenthe,0.62,0.2,19860,62%,27%,9.6,0%,0%,"2,47%","6,70%","0,43%",0%,"1,66%",0%,72,"2,16",75.3,"24,6","16,8","7,8",390,Gemeente Westerveld,Westerveld,10.193257774756404
Westervoort,Gelderland,0.62,0.3,15114,76%,12%,10.96,0%,0%,"2,34%","8,10%","0,52%",0%,"1,13%",0%,2160,"2,19",59.9,"40,1",31,"9,1",318,Gemeente Westervoort,Westervoort,12.022194415876964
Westerwolde,Groningen,0.7,0.33,26537,68%,24%,6.13,0%,0%,"1,30%","4,63%","0,20%",0%,"1,92%",0%,96,"2,15",67.9,"31,5","21,7","9,8",285,Gemeente Westerwolde,Westerwolde,8.300231210825316
Westland,Zuid-Holland,0.71,0.33,114887,65%,20%,13.92,0%,0%,"3,87%","9,40%","0,65%",0%,"1,16%",0%,1436,"2,3",68.6,"31,4","23,2","8,2",445,Gemeente Westland,Westland,13.01126541995015
Weststellingwerf,Fryslï¿½n,0.68,0.28,26467,64%,28%,5.8,0%,0%,"1,53%","4,01%","0,26%",0%,"1,97%",0%,120,"2,21",65.1,"34,8","26,6","8,2",309,Gemeente Weststellingwerf,Weststellingwerf,8.70268204456031
Wierden,Overijssel,0.73,0.22,24862,52%,26%,21.7,0%,0%,12%,"9,40%","0,30%",0%,"0,58%",0%,264,"2,48",73.0,"26,9","17,1","9,8",418,Gemeente Wierden,Wierden,9.798804054544238
Wijchen,Gelderland,0.65,0.28,41537,69%,18%,11.61,0%,0%,"3,60%","7,60%","0,41%",0%,"0,90%",0%,629,"2,25",67.6,"32,4",25,"7,4",372,Gemeente Wijchen,Wijchen,10.931921508056522
Wijdemeren,Noord-Holland,0.64,0.23,24659,69%,17%,13.06,0%,0%,"3,91%","8,20%","0,95%",0%,"1,37%",0%,518,"2,24",69.9,30,"19,4","10,6",563,Gemeente Wijdemeren,Wijdemeren,14.648762456306716
Wijk bij Duurstede,Utrecht,0.62,0.25,23995,72%,15%,11.78,0%,0%,"3,36%","7,90%","0,52%",0%,"1,05%",0%,503,"2,28",70.4,"29,6","22,9","6,7",437,Gemeente Wijk bij Duurstede,Wijk bij Duurstede,12.282699873528621
Winterswijk,Gelderland,0.67,0.2,29253,74%,17%,8.63,0%,0%,"1,99%","6,30%","0,34%",0%,"0,95%",0%,212,"2,17",70.2,"29,7","16,8","12,9",300,Gemeente Winterswijk,Winterswijk,7.7981921689636255
Woensdrecht,Noord-Brabant,0.74,0.37,22191,72%,16%,11.0,0%,0%,"2,62%","7,90%","0,48%",0%,"0,70%",0%,242,"2,2",72.7,"27,1","18,2","8,9",343,Gemeente Woensdrecht,Woensdrecht,9.468911270049125
Woerden,Utrecht,0.54,0.19,53244,66%,18%,14.45,0%,0%,"4,53%","9,10%","0,82%",0%,"0,83%",0%,607,"2,3",65.8,"34,2","22,6","11,6",412,Gemeente Woerden,Woerden,12.419990828770864
Wormerland,Noord-Holland,0.59,0.25,16612,71%,16%,11.6,0%,0%,"3,06%","7,90%","0,64%",0%,"1,37%",0%,430,"2,23",63.5,"36,5","29,8","6,7",421,Gemeente Wormerland,Wormerland,12.437642124395774
Woudenberg,Utrecht,0.49,0.19,14358,67%,21%,10.52,0%,0%,"2,69%",7%,"0,83%",0%,"1,34%",0%,401,"2,52",70.5,"29,5","20,4","9,1",491,Gemeente Woudenberg,Woudenberg,14.516783387331644
Zaanstad,Noord-Holland,0.53,0.26,159618,71%,15%,12.71,0%,0%,"2,98%",9%,"0,73%",0%,"1,21%",0%,2189,"2,18",54.2,"45,7","36,2","9,5",391,Gemeente Zaanstad,Zaanstad,14.625992848491261
Zaltbommel,Gelderland,0.52,0.23,30349,65%,25%,9.65,0%,0%,"3,36%","5,80%","0,49%",0%,"0,87%",0%,386,"2,37",67.4,"32,6","23,2","9,4",378,Gemeente Zaltbommel,Zaltbommel,12.068198010345384
Zandvoort,Noord-Holland,0.67,0.31,17542,74%,13%,12.43,0%,0%,"2,94%","8,50%","0,99%",0%,"1,26%",0%,545,"1,93",53.8,"45,3","29,6","15,7",460,Gemeente Zandvoort,Zandvoort,13.20380989850812
Zeewolde,Flevoland,0.64,0.25,23692,63%,23%,13.05,0%,0%,"4,22%","8,20%","0,63%","0,11%","1,25%",0%,97,"2,28",69.6,"30,3","21,4","8,9",418,Gemeente Zeewolde,Zeewolde,11.22018272555082
Zeist,Utrecht,0.45,0.15,66629,68%,13%,17.62,0%,0%,"6,60%",10%,"1,02%",0%,"1,03%",0%,1374,"2,1",52.7,"47,2","28,6","18,6",523,Gemeente Zeist,Zeist,16.78331940961013
Zevenaar,Gelderland,0.67,0.29,45042,73%,15%,11.04,0%,0%,"2,83%",8%,"0,21%",0%,"1,07%",0%,486,"2,16",64.2,"35,8","27,9","7,9",320,Gemeente Zevenaar,Zevenaar,9.559374522762795
Zoetermeer,Zuid-Holland,0.61,0.29,126998,73%,10%,15.88,0%,0%,"4,17%",11%,"0,71%",0%,"0,85%",0%,3730,"2,2",55.2,"44,8","34,5","10,3",363,Gemeente Zoetermeer,Zoetermeer,14.70971933813382
Zoeterwoude,Zuid-Holland,0.59,0.22,9443,67%,19%,12.86,0%,0%,"3,14%","9,10%","0,62%",0%,"0,53%",0%,460,"2,26",68.9,"31,1","15,6","15,5",469,Gemeente Zoeterwoude,Zoeterwoude,13.094324429127223
Zuidplas,Zuid-Holland,0.59,0.25,46981,68%,17%,13.86,0%,0%,"4,04%","9,20%","0,62%",0%,"1,03%",0%,825,"2,43",68.8,"31,2","25,3","5,9",434,Gemeente Zuidplas,Zuidplas,12.97078446462743
Zundert,Noord-Brabant,0.73,0.29,22518,70%,20%,8.71,0%,0%,"2,72%","5,70%","0,29%",0%,"1,02%",0%,187,"2,22",74.8,"25,1","13,2","11,9",434,Gemeente Zundert,Zundert,10.72474779773505
Zutphen,Gelderland,0.48,0.19,48510,73%,14%,11.05,0%,0%,"2,83%","7,60%","0,62%",0%,"1,56%",0%,1191,"2,05",56.2,"43,8","29,9","13,9",322,Gemeente Zutphen,Zutphen,12.039267564007991
Zwartewaterland,Overijssel,0.52,0.23,23368,60%,28%,10.88,0%,0%,"3,40%","6,90%","0,58%",0%,"0,97%",0%,285,"2,57",71.9,"28,1","19,7","8,4",315,Gemeente Zwartewaterland,Zwartewaterland,10.44957457365393
Zwijndrecht,Zuid-Holland,0.6,0.3,45018,73%,13%,12.36,0%,0%,"2,51%","9,30%","0,55%",0%,"1,01%",0%,2210,"2,16",56.8,"43,1","36,8","6,3",314,Gemeente Zwijndrecht,Zwijndrecht,12.330040008941566
Zwolle,Overijssel,0.46,0.16,132411,66%,19%,14.24,"0,09%",0%,"4,23%","9,40%","0,61%",0%,"0,96%",0%,1203,"2,07",52.8,"47,1","32,5","14,6",355,Gemeente Zwolle,Zwolle,12.844023055262777
