Gemeente;Provincie;Stemmen op coalitie;Stemmen op PVV;Inwoners;Benzine;Diesel;Alles elektrisch;Aardgas;Alcohol;Elektriciteit;Hybride;Hybride met stekker;LNG;LPG;Waterstof;Bevolkingsdichtheid;Huishoudgrootte;Koopwoningen;Huurwoningen;Huurwoningen corporatie;Huurwoningen overig;WOZ;Gemeentenaam Allecijfers;Regio's
Aa en Hunze;Drenthe;61%;19%;25724;64%;24%;10,34%;0%;0%;3,10%;6,80%;0,44%;0%;1,35%;0%;94;2,22;75,3;24,7;19,3;5,4;349;Gemeente Aa en Hunze;Aa en Hunze
Aalsmeer;Noord-Holland;66%;25%;33063;69%;15%;14,05%;0%;0%;4,72%;8,60%;0,73%;0,14%;1,13%;0%;1656;2,28;64;36;24,3;11,7;491;Gemeente Aalsmeer;Aalsmeer
Aalten;Gelderland;65%;20%;27244;75%;17%;7,01%;0%;0%;2,19%;4,47%;0,35%;0%;1,22%;0%;283;2,28;71,8;28,1;18,9;9,2;331;Gemeente Aalten;Aalten
Achtkarspelen;Frysl�n;66%;34%;28149;64%;30%;4,74%;0%;0%;1,60%;2,84%;0,30%;0%;1,47%;0%;276;2,31;63,7;36,3;30,2;6,1;271;Gemeente Achtkarspelen;Achtkarspelen
Alblasserdam;Zuid-Holland;51%;25%;20356;68%;19%;12,15%;0%;0%;3,40%;8,30%;0,45%;0%;1,04%;0%;2316;2,37;61,8;38,1;32,7;5,4;343;Gemeente Alblasserdam;Alblasserdam
Albrandswaard;Zuid-Holland;65%;30%;26357;69%;12%;17,57%;0%;0%;4,81%;12%;0,76%;0%;0,87%;0%;1220;2,42;69,9;30,1;25;5,1;447;Gemeente Albrandswaard;Albrandswaard
Alkmaar;Noord-Holland;51%;21%;111834;64%;17%;18,30%;0,05%;0%;6,70%;11%;0,60%;0%;0,95%;0%;1018;2,05;58,3;41,6;28,1;13,5;359;Gemeente Alkmaar;Alkmaar
Almelo;Overijssel;69%;30%;73949;71%;17%;10,38%;0%;0%;2,68%;7,20%;0,50%;0%;1,14%;0%;1106;2,16;54,7;45,3;33,5;11,8;284;Gemeente Almelo;Almelo
Almere;Flevoland;57%;27%;222825;51%;14%;34,47%;0,10%;0%;19%;15%;0,47%;0%;0,71%;0%;1753;2,31;62,5;37,5;26,6;10,9;375;Gemeente Almere;Almere
Alphen aan den Rijn;Zuid-Holland;58%;23%;114182;69%;16%;13,64%;0%;0%;3,99%;8,90%;0,75%;0%;0,93%;0%;913;2,24;63,4;36,6;25,4;11,2;374;Gemeente Alphen aan den Rijn;Alphen aan den Rijn
Alphen-Chaam;Noord-Brabant;71%;24%;10463;70%;20%;8,53%;0%;0%;2,69%;5,50%;0,34%;0%;1,21%;0%;112;2,35;75,4;24,5;12,9;11,6;458;Gemeente Alphen-Chaam;Alphen-Chaam
Altena;Noord-Brabant;59%;29%;57726;66%;24%;9,52%;0%;0%;2,85%;6,20%;0,47%;0%;0,83%;0%;292;2,4;68,9;31,1;23,9;7,2;396;Gemeente Altena;Altena
Ameland;Frysl�n;65%;19%;3840;70%;24%;5,78%;0%;0%;1,54%;4,24%;0%;0%;0%;0%;68;2,02;67,2;32,7;0;32,7;348;Gemeente Ameland;Ameland
Amersfoort;Utrecht;44%;16%;160759;52%;16%;31,34%;0,19%;0%;17%;14%;0,34%;0%;0,57%;0%;2590;2,19;57,9;42;29;13;420;Gemeente Amersfoort;Amersfoort
Amstelveen;Noord-Holland;51%;15%;94418;67%;10%;21,58%;0%;0%;7,40%;13%;1,18%;0%;0,56%;0%;2311;2,07;47,2;52,7;29,1;23,6;536;Gemeente Amstelveen;Amstelveen
Amsterdam;Noord-Holland;29%;10%;918117;63%;15%;20,78%;0,05%;0%;7,80%;12%;0,98%;0%;1,05%;0%;4950;1,78;29,9;70;39,6;30,4;499;Gemeente Amsterdam;Amsterdam
Apeldoorn;Gelderland;57%;22%;167191;70%;17%;11,87%;0%;0%;3,50%;7,70%;0,67%;0%;1,16%;0%;495;2,14;60,1;39,9;27,7;12,2;382;Gemeente Apeldoorn;Apeldoorn
Arnhem;Gelderland;43%;19%;165770;72%;14%;12,16%;0,23%;0%;4,06%;7,50%;0,60%;0,02%;1,19%;0%;1715;1,92;42,9;57,1;34,4;22,7;336;Gemeente Arnhem;Arnhem
Assen;Drenthe;54%;21%;69414;69%;19%;10,80%;0,09%;0%;2,73%;7,50%;0,57%;0%;1,22%;0%;851;2,07;58,6;41,2;27,1;14,1;284;Gemeente Assen;Assen
Asten;Noord-Brabant;71%;27%;17242;67%;23%;8,58%;0%;0%;2,64%;5,60%;0,34%;0%;1,42%;0%;246;2,29;70,9;29;20,9;8,1;417;Gemeente Asten;Asten
Baarle-Nassau;Noord-Brabant;73%;30%;7071;71%;20%;7,45%;0%;0%;1,74%;5,40%;0,31%;0%;1,65%;0%;93;2,2;69,6;29,6;11,1;18,5;411;Gemeente Baarle-Nassau;Baarle-Nassau
Baarn;Utrecht;53%;17%;25008;71%;13%;14,73%;0%;0%;4,88%;9,10%;0,75%;0%;1,21%;0%;770;2,11;61,6;38,4;25;13,4;491;Gemeente Baarn;Baarn
Barendrecht;Zuid-Holland;60%;28%;48812;66%;16%;16,53%;0%;0%;4,83%;11%;0,70%;0%;0,87%;0%;2487;2,44;69,8;30,2;21,7;8,5;436;Gemeente Barendrecht;Barendrecht
Barneveld;Gelderland;50%;20%;61655;64%;26%;9,15%;0%;0%;2,73%;5,80%;0,62%;0%;1,28%;0%;356;2,6;68;32;18,4;13,6;453;Gemeente Barneveld;Barneveld
Beek;Limburg;65%;32%;16132;75%;13%;11,03%;0%;0%;2,62%;7,90%;0,51%;0%;1,17%;0%;770;2,11;69,9;30,1;21,1;9;295;Gemeente Beek;Beek (L.)
Beekdaelen;Limburg;68%;33%;35966;75%;13%;10,21%;0%;0%;2,47%;7,50%;0,24%;0%;1,22%;0%;458;2,16;73;26,9;17,8;9,1;306;Gemeente Beekdaelen;Beekdaelen
Beesel;Limburg;69%;37%;13449;75%;13%;11,29%;0%;0%;2,21%;8,60%;0,48%;0%;1,12%;0%;480;2,21;67,3;32,7;27,1;5,6;297;Gemeente Beesel;Beesel
Berg en Dal;Gelderland;59%;28%;35420;72%;15%;12,10%;0%;0%;2,59%;9%;0,51%;0%;1,24%;0%;411;2,11;61,1;38,8;28,2;10,6;371;Gemeente Berg en Dal;Berg en Dal
Bergeijk;Noord-Brabant;70%;27%;19092;68%;21%;9,70%;0%;0%;2,27%;6,80%;0,63%;0%;1,24%;0%;190;2,29;78,1;21,9;12,8;9,1;474;Gemeente Bergeijk;Bergeijk
Bergen (L.);Limburg;73%;36%;13119;71%;19%;8,33%;0%;0%;2,40%;5,70%;0,23%;0%;1,90%;0%;127;2,25;71,3;28,6;22,9;5,7;333;Gemeente Bergen (Limburg);Bergen (L.)
Bergen (NH.);Noord-Holland;57%;21%;30138;70%;15%;12,93%;0%;0%;3,95%;7,90%;1,08%;0%;1,87%;0%;302;2,05;67,3;32,3;18,2;14,1;580;Gemeente Bergen (Noord-Holland);Bergen (NH.)
Bergen op Zoom;Noord-Brabant;64%;30%;68864;73%;16%;10,91%;0%;0%;2,70%;7,80%;0,41%;0%;0,81%;0%;872;2,15;58,9;41,1;29,7;11,4;312;Gemeente Bergen op Zoom;Bergen op Zoom
Berkelland;Gelderland;72%;21%;44022;71%;19%;8,48%;0%;0%;2,32%;5,80%;0,36%;0%;1,33%;0%;170;2,25;68,5;31,5;23,5;8;370;Gemeente Berkelland;Berkelland
Bernheze;Noord-Brabant;67%;28%;32263;65%;23%;10,61%;0,05%;0%;3,39%;6,70%;0,52%;0%;1,02%;0%;363;2,35;70,9;29,1;19,1;10;457;Gemeente Bernheze;Bernheze
Best;Noord-Brabant;65%;26%;30897;71%;16%;12,66%;0%;0%;3,66%;8,30%;0,70%;0%;0,95%;0%;921;2,26;70,9;29,1;20;9,1;428;Gemeente Best;Best
Beuningen;Gelderland;66%;28%;26573;71%;15%;12,41%;0%;0%;3,44%;8,40%;0,57%;0%;1,30%;0%;613;2,27;70,4;29,5;22,1;7,4;391;Gemeente Beuningen;Beuningen
Beverwijk;Noord-Holland;60%;30%;42711;71%;17%;11,39%;0%;0%;2,94%;7,70%;0,75%;0%;1,06%;0%;2336;2,14;54,2;45,8;36,3;9,5;336;Gemeente Beverwijk;Beverwijk
Bladel;Noord-Brabant;70%;28%;21009;67%;22%;9,68%;0%;0%;2,78%;6,50%;0,40%;0%;1,37%;0%;279;2,27;74,1;25,9;14,2;11,7;434;Gemeente Bladel;Bladel
Blaricum;Noord-Holland;66%;18%;12490;68%;12%;19,36%;0%;0%;5,70%;12%;1,66%;0%;0,62%;0%;1149;2,35;69,7;29,8;21,3;8,5;858;Gemeente Blaricum;Blaricum
Bloemendaal;Noord-Holland;54%;11%;23922;72%;9%;18,18%;0%;0%;5,50%;11%;1,68%;0%;0,77%;0%;598;2,3;70,7;29,2;17,3;11,9;905;Gemeente Bloemendaal;Bloemendaal
Bodegraven-Reeuwijk;Zuid-Holland;57%;21%;36308;66%;20%;12,60%;0%;0%;3,84%;7,90%;0,86%;0%;1,08%;0%;485;2,37;72;28;19,4;8,6;449;Gemeente Bodegraven-Reeuwijk;Bodegraven-Reeuwijk
Boekel;Noord-Brabant;72%;31%;11163;65%;26%;7,59%;0%;0%;2,99%;4,04%;0,56%;0%;1,20%;0%;327;2,43;73,9;26,1;15,3;10,8;417;Gemeente Boekel;Boekel
Borger-Odoorn;Drenthe;68%;28%;25919;66%;24%;7,98%;0%;0%;1,70%;5,90%;0,38%;0%;1,85%;0%;95;2,23;73,9;26,1;19,5;6,6;304;Gemeente Borger-Odoorn;Borger-Odoorn
Borne;Overijssel;73%;22%;24524;71%;17%;11,75%;0%;0%;3,32%;7,90%;0,53%;0%;0,88%;0%;948;2,34;69,9;30,1;21,7;8,4;394;Gemeente Borne;Borne
Borsele;Zeeland;56%;23%;23159;66%;25%;8,61%;0%;0%;2,41%;5,90%;0,30%;0%;0,46%;0%;163;2,32;74,8;25,1;19,8;5,3;319;Gemeente Borsele;Borsele
Boxtel;Noord-Brabant;61%;26%;33748;70%;19%;10,38%;0%;0%;3,18%;6,70%;0,50%;0%;1,07%;0%;492;2,18;62,5;37,4;28,4;9;381;Gemeente Boxtel;Boxtel
Breda;Noord-Brabant;54%;20%;186438;52%;14%;33,39%;0,26%;0%;20%;13%;0,39%;0%;0,49%;0%;1496;2,01;54,8;45,2;28,4;16,8;390;Gemeente Breda;Breda
Bronckhorst;Gelderland;69%;20%;36277;68%;21%;9,33%;0%;0%;3,24%;5,70%;0,39%;0%;1,15%;0%;127;2,26;70,8;29,1;18,3;10,8;438;Gemeente Bronckhorst;Bronckhorst
Brummen;Gelderland;63%;24%;21105;72%;16%;10,21%;0%;0%;3,19%;6,50%;0,52%;0%;1,31%;0%;255;2,21;63,1;36,9;30,2;6,7;384;Gemeente Brummen;Brummen
Brunssum;Limburg;70%;42%;27682;80%;10%;9,04%;0%;0%;1,64%;7,20%;0,20%;0%;1,08%;0%;1611;1,98;61,4;38,5;28,3;10,2;224;Gemeente Brunssum;Brunssum
Bunnik;Utrecht;45%;13%;16026;65%;19%;14,72%;0%;0%;4,48%;9,20%;1,04%;0%;1,17%;0%;436;2,3;73,5;26,4;16,1;10,3;523;Gemeente Bunnik;Bunnik
Bunschoten;Utrecht;64%;34%;22500;67%;21%;11,78%;0%;0%;2,98%;8,20%;0,60%;0%;0,87%;0%;744;2,52;73,2;26,8;14,5;12,3;439;Gemeente Bunschoten;Bunschoten
Buren;Gelderland;67%;31%;27725;65%;23%;10,43%;0%;0%;3,11%;6,80%;0,52%;0%;1,52%;0%;208;2,35;74,6;25,3;19,3;6;444;Gemeente Buren;Buren
Capelle aan den IJssel;Zuid-Holland;55%;27%;67552;74%;11%;14,21%;0%;0%;3,54%;10%;0,67%;0%;0,76%;0%;4803;2,09;53,9;46;34,5;11,5;350;Gemeente Capelle aan den IJssel;Capelle aan den IJssel
Castricum;Noord-Holland;54%;18%;36345;70%;15%;13,74%;0%;0%;3,84%;8,90%;1,00%;0,05%;1,22%;0%;733;2,21;74,9;25,1;16;9,1;485;Gemeente Castricum;Castricum
Coevorden;Drenthe;71%;28%;35700;66%;25%;7,29%;0%;0%;1,89%;5,10%;0,30%;0%;1,45%;0%;121;2,2;69,4;30,5;23,2;7,3;297;Gemeente Coevorden;Coevorden
Cranendonck;Noord-Brabant;74%;33%;20851;70%;19%;7,90%;0%;0%;2,41%;5,20%;0,29%;0%;2,42%;0%;272;2,22;73,1;26,9;16,3;10,6;372;Gemeente Cranendonck;Cranendonck
Culemborg;Gelderland;48%;20%;29729;68%;17%;13,89%;0%;0%;4,14%;9,20%;0,55%;0%;1,03%;0%;1023;2,25;63,9;36;26,1;9,9;388;Gemeente Culemborg;Culemborg
Dalfsen;Overijssel;67%;19%;29612;64%;25%;9,34%;0%;0%;2,23%;6,30%;0,81%;0%;1,82%;0%;180;2,4;74,4;25,6;17,2;8,4;430;Gemeente Dalfsen;Dalfsen
Dantumadiel;Frysl�n;64%;30%;19194;66%;28%;4,68%;0%;0%;1,34%;2,95%;0,39%;0%;1,67%;0%;226;2,34;63,5;36,5;32;4,5;309;Gemeente Dantumadiel;Dantumadiel
De Bilt;Utrecht;45%;13%;43884;69%;16%;14,19%;0%;0%;4,37%;8,80%;1,02%;0%;1,08%;0%;661;2,2;60,8;39,1;27,2;11,9;580;Gemeente De Bilt;De Bilt
De Fryske Marren;Frysl�n;66%;25%;51992;61%;29%;8,53%;0,34%;0%;3,53%;4,63%;0,37%;0%;1,10%;0%;148;2,24;69,9;29,8;22,9;6,9;341;Gemeente De Fryske Marren;De Fryske Marren
De Ronde Venen;Utrecht;63%;23%;45572;67%;18%;13,83%;0%;0%;4,11%;9%;0,72%;0%;0,89%;0%;460;2,28;66,4;33,6;23,8;9,8;516;Gemeente De Ronde Venen;De Ronde Venen
De Wolden;Drenthe;69%;23%;24602;63%;28%;7,90%;0%;0%;2,18%;5,30%;0,42%;0%;1,52%;0%;110;2,31;74,8;25,2;17,1;8,1;396;Gemeente De Wolden;De Wolden
Delft;Zuid-Holland;40%;17%;106086;72%;13%;14,70%;0%;0%;3,99%;10%;0,71%;0%;0,77%;0%;4835;1,71;36,7;63;41,7;21,3;336;Gemeente Delft;Delft
Den Helder;Noord-Holland;67%;34%;56539;75%;13%;10,29%;0%;0%;2,43%;7,40%;0,46%;0%;1,42%;0%;1251;1,99;55;44,9;36,4;8,5;242;Gemeente Den Helder;Den Helder
Deurne;Noord-Brabant;71%;30%;32977;67%;23%;8,07%;0%;0%;2,42%;5,20%;0,45%;0%;1,39%;0%;284;2,25;66,3;33,8;24,6;9,2;397;Gemeente Deurne;Deurne
Deventer;Overijssel;51%;18%;102781;72%;16%;11,14%;0%;0%;3,40%;7,20%;0,54%;0%;1,29%;0%;792;2,09;55,5;44,5;29,4;15,1;342;Gemeente Deventer;Deventer
Diemen;Noord-Holland;43%;17%;32785;68%;15%;16,27%;0%;0%;4,42%;11%;0,85%;0%;0,67%;0%;2760;1,95;39,7;60,2;21,4;38,8;428;Gemeente Diemen;Diemen
Dijk en Waard;Noord-Holland;62%;25%;88985;70%;16%;13,07%;0,05%;0%;3,82%;8,40%;0,85%;0%;1,38%;0%;1455;2,33;70,9;29,1;19,9;9,2;392;Gemeente Dijk en Waard;Dijk en Waard
Dinkelland;Overijssel;84%;23%;26743;65%;26%;8,84%;0%;0%;2,83%;5,80%;0,21%;0%;0,49%;0%;152;2,45;74,5;25,4;12,2;13,2;413;Gemeente Dinkelland;Dinkelland
Doesburg;Gelderland;57%;25%;11081;75%;14%;9,28%;0%;0%;2,70%;6,20%;0,38%;0%;1,44%;0%;959;2,02;54;46;38,9;7,1;298;Gemeente Doesburg;Doesburg
Doetinchem;Gelderland;62%;25%;59195;72%;16%;10,98%;0%;0%;3,03%;7,40%;0,55%;0%;1,08%;0%;754;2,17;59,4;40,5;28,4;12,1;313;Gemeente Doetinchem;Doetinchem
Dongen;Noord-Brabant;64%;27%;27200;73%;15%;11,46%;0%;0%;2,94%;8%;0,52%;0%;0,86%;0%;927;2,24;70,5;29,4;20,1;9,3;353;Gemeente Dongen;Dongen
Dordrecht;Zuid-Holland;52%;24%;121434;66%;17%;16,12%;0%;0%;5,80%;9,80%;0,52%;0%;0,78%;0%;1574;2,09;57,8;42,2;27,6;14,6;310;Gemeente Dordrecht;Dordrecht
Drechterland;Noord-Holland;66%;25%;20385;67%;21%;9,92%;0%;0%;3,15%;6,10%;0,67%;0%;2,03%;0%;348;2,32;73,8;26,1;19,5;6,6;413;Gemeente Drechterland;Drechterland
Drimmelen;Noord-Brabant;70%;31%;27994;69%;19%;10,80%;0%;0%;2,96%;7,30%;0,54%;0%;1,15%;0%;297;2,25;71,9;28,1;22,5;5,6;413;Gemeente Drimmelen;Drimmelen
Dronten;Flevoland;66%;25%;43593;64%;22%;12,64%;0%;0%;3,95%;7,90%;0,79%;0%;1,83%;0%;133;2,23;68,2;31,7;24,3;7,4;354;Gemeente Dronten;Dronten
Druten;Gelderland;68%;29%;19505;68%;20%;10,78%;0%;0%;3,11%;7,40%;0,27%;0%;1,03%;0%;522;2,29;65,6;34,4;22,3;12,1;368;Gemeente Druten;Druten
Duiven;Gelderland;66%;27%;24937;70%;15%;13,40%;0%;0%;3,56%;9,40%;0,44%;0%;0,93%;0%;734;2,27;67,1;32,8;26,2;6,6;354;Gemeente Duiven;Duiven
Echt-Susteren;Limburg;71%;38%;31967;73%;15%;9,54%;0%;0%;2,04%;7,20%;0,30%;0%;1,78%;0%;311;2,13;70,4;29,5;18,8;10,7;303;Gemeente Echt-Susteren;Echt-Susteren
Edam-Volendam;Noord-Holland;76%;43%;36760;63%;21%;14,94%;0%;0%;3,32%;11%;0,62%;0%;0,75%;0%;680;2,36;77,1;22,9;17,3;5,6;409;Gemeente Edam-Volendam;Edam-Volendam
Ede;Gelderland;48%;19%;122012;63%;22%;13,26%;0,16%;0%;4,84%;7,70%;0,72%;0%;1,24%;0,08%;388;2,3;64,6;35,3;20,7;14,6;414;Gemeente Ede;Ede
Eemnes;Utrecht;64%;24%;9598;68%;18%;12,66%;0%;0%;3,92%;8%;0,74%;0%;1,16%;0%;314;2,29;71,6;27,9;22,3;5,6;526;Gemeente Eemnes;Eemnes
Eemsdelta;Groningen;62%;27%;45394;71%;20%;8,96%;0%;0%;1,61%;7,20%;0,15%;0%;0,71%;0%;168;2,08;56,6;43,4;31,2;12,2;229;Gemeente Eemsdelta;Eemsdelta
Eersel;Noord-Brabant;66%;23%;20004;67%;21%;11,18%;0%;0%;3,09%;7,50%;0,59%;0%;0,91%;0%;245;2,31;73,8;26,2;16,3;9,9;485;Gemeente Eersel;Eersel
Eijsden-Margraten;Limburg;63%;25%;25991;73%;14%;11,16%;0%;0%;2,47%;8,40%;0,29%;0%;0,93%;0%;336;2,24;76,3;23,5;10,2;13,3;385;Gemeente Eijsden-Margraten;Eijsden-Margraten
Eindhoven;Noord-Brabant;48%;20%;243730;70%;15%;13,66%;0,01%;0%;4,41%;8,60%;0,65%;0%;1,01%;0%;2800;1,89;43,8;56,2;36,2;20;363;Gemeente Eindhoven;Eindhoven
Elburg;Gelderland;57%;25%;24037;71%;20%;8,06%;0%;0%;2,30%;5,10%;0,66%;0%;1,60%;0%;375;2,43;65,3;34,6;26,1;8,5;363;Gemeente Elburg;Elburg
Emmen;Drenthe;70%;36%;108765;70%;20%;8,43%;0%;0%;1,60%;6,30%;0,53%;0%;1,29%;0%;326;2,13;62,7;37,3;27,7;9,6;251;Gemeente Emmen;Emmen
Enkhuizen;Noord-Holland;58%;25%;18885;71%;18%;9,39%;0%;0%;2,29%;6,50%;0,60%;0%;1,64%;0%;1492;2,1;61;38,9;28,4;10,5;321;Gemeente Enkhuizen;Enkhuizen
Enschede;Overijssel;62%;23%;161235;75%;14%;9,76%;0%;0%;2,32%;7%;0,44%;0%;0,97%;0%;1149;1,94;48,1;51,9;36;15,9;296;Gemeente Enschede;Enschede
Epe;Gelderland;63%;25%;33283;69%;20%;9,57%;0%;0%;2,64%;6,30%;0,63%;0%;1,36%;0%;212;2,26;64,7;35,2;27,2;8;449;Gemeente Epe;Epe
Ermelo;Gelderland;53%;19%;27496;67%;21%;10,39%;0%;0%;2,97%;6,70%;0,72%;0,08%;1,33%;0%;325;2,25;62;37,7;24;13,7;441;Gemeente Ermelo;Ermelo
Etten-Leur;Noord-Brabant;67%;30%;44578;72%;15%;12,38%;0%;0%;3,41%;8,50%;0,47%;0%;0,69%;0%;818;2,24;63,7;36,3;27,4;8,9;355;Gemeente Etten-Leur;Etten-Leur
Geertruidenberg;Noord-Brabant;72%;37%;22099;71%;17%;11,39%;0%;0%;3,05%;7,80%;0,54%;0%;0,96%;0%;829;2,21;62,1;37,9;31,3;6,6;346;Gemeente Geertruidenberg;Geertruidenberg
Geldrop-Mierlo;Noord-Brabant;62%;28%;40441;71%;16%;11,94%;0%;0%;3,33%;8,10%;0,51%;0%;1,02%;0%;1313;2,19;65,2;34,8;26,3;8,5;389;Gemeente Geldrop-Mierlo;Geldrop-Mierlo
Gemert-Bakel;Noord-Brabant;69%;31%;31383;67%;23%;9,02%;0%;0%;3,01%;5,70%;0,31%;0%;1,21%;0%;258;2,32;68,6;31,3;21,5;9,8;407;Gemeente Gemert-Bakel;Gemert-Bakel
Gennep;Limburg;65%;29%;17764;70%;20%;8,55%;0,26%;0%;2,58%;5,50%;0,47%;0%;1,70%;0%;374;2,17;66,1;33,8;24;9,8;352;Gennep;Gennep
Gilze en Rijen;Noord-Brabant;65%;29%;26815;69%;17%;13,05%;0%;0%;2,89%;9,70%;0,46%;0%;0,95%;0%;418;2,27;64,4;35,4;28,3;7,1;368;Gemeente Gilze en Rijen;Gilze en Rijen
Goeree-Overflakkee;Zuid-Holland;58%;28%;51590;67%;21%;10,89%;0%;0%;3,13%;7,30%;0,46%;0,05%;1,20%;0%;198;2,28;64,9;35;27,7;7,3;362;Gemeente Goeree-Overflakkee;Goeree-Overflakkee
Goes;Zeeland;54%;21%;39433;66%;18%;14,40%;0%;0%;5,30%;8,70%;0,40%;0%;0,64%;0%;429;2,07;60,4;39,2;27,4;11,8;321;Gemeente Goes;Goes
Goirle;Noord-Brabant;61%;24%;24177;73%;15%;11,68%;0%;0%;3,03%;8,20%;0,45%;0%;0,89%;0%;566;2,28;71,3;28,7;23,9;4,8;425;Gemeente Goirle;Goirle
Gooise Meren;Noord-Holland;53%;14%;60341;71%;12%;16,32%;0%;0%;5,40%;9,70%;1,22%;0%;1,03%;0%;1457;2,19;63,8;36,2;21,4;14,8;580;Gemeente Gooise Meren;Gooise Meren
Gorinchem;Zuid-Holland;54%;24%;38461;70%;17%;12,44%;0,17%;0%;3,80%;8,10%;0,54%;0%;0,64%;0%;2066;2,16;49,8;50,2;36,8;13,4;345;Gemeente Gorinchem;Gorinchem
Gouda;Zuid-Holland;45%;19%;75316;74%;14%;12,14%;0%;0%;3,04%;8,40%;0,70%;0%;0,70%;0%;4592;2,12;55,7;44,2;29,3;14,9;334;Gemeente Gouda;Gouda
Groningen;Groningen;38%;13%;238147;65%;18%;15,70%;0,03%;0%;6,60%;8,50%;0,60%;0%;0,96%;0,03%;1314;1,65;40,2;59,7;31,5;28,2;301;Gemeente Groningen;Groningen (gemeente)
Gulpen-Wittem;Limburg;66%;28%;14210;75%;14%;10,63%;0%;0%;2,33%;8,30%;0%;0%;0,24%;0%;192;2,09;66,9;32,9;18,5;14,4;331;Gemeente Gulpen-Wittem;Gulpen-Wittem
Haaksbergen;Overijssel;76%;23%;24502;71%;19%;8,64%;0%;0%;1,95%;6,20%;0,49%;0%;1,37%;0%;232;2,3;69,5;30,4;20,9;9,5;368;Gemeente Haaksbergen;Haaksbergen
Haarlem;Noord-Holland;40%;15%;165396;71%;13%;14,92%;0,01%;0%;4,46%;9,50%;0,96%;0%;0,95%;0%;5739;2,04;52,5;47,4;28,4;19;484;Gemeente Haarlem;Haarlem
Haarlemmermeer;Noord-Holland;63%;26%;162300;43%;15%;41,35%;0,12%;0%;22%;19%;0,35%;0%;0,40%;0,01%;827;2,33;66,7;33,3;22,6;10,7;473;Gemeente Haarlemmermeer;Haarlemmermeer
Halderberge;Noord-Brabant;73%;35%;31041;69%;19%;10,57%;0%;0%;3,16%;7,10%;0,31%;0%;1,13%;0%;419;2,26;65,4;34,6;29,1;5,5;357;Gemeente Halderberge;Halderberge
Hardenberg;Overijssel;69%;25%;62509;67%;24%;7,59%;0%;0%;2,03%;5%;0,56%;0%;1,62%;0%;202;2,41;70,4;29,5;21;8,5;329;Gemeente Hardenberg;Hardenberg
Harderwijk;Gelderland;56%;21%;48906;68%;19%;11,92%;0%;0%;3,49%;7,70%;0,73%;0%;1,28%;0%;1269;2,26;58,6;41,3;27,2;14,1;391;Gemeente Harderwijk;Harderwijk
Hardinxveld-Giessendam;Zuid-Holland;49%;23%;18681;69%;20%;10,10%;0%;0%;2,41%;7,10%;0,59%;0%;0,84%;0%;1113;2,51;65,8;34,3;28;6,3;360;Gemeente Hardinxveld-Giessendam;Hardinxveld-Giessendam
Harlingen;Frysl�n;61%;28%;16188;64%;25%;9,17%;0%;0%;2,50%;6,10%;0,57%;0%;1,87%;0%;650;2,03;56,1;43,8;32,2;11,6;247;Gemeente Harlingen;Harlingen
Hattem;Gelderland;54%;19%;12563;67%;18%;13,31%;0%;0%;3,08%;9,30%;0,93%;0%;1,44%;0%;547;2,35;66,5;33,5;26,2;7,3;416;Gemeente Hattem;Hattem
Heemskerk;Noord-Holland;61%;27%;39431;74%;12%;13,03%;0%;0%;2,93%;9,40%;0,70%;0%;0,96%;0%;1447;2,2;59,4;40,6;32,4;8,2;402;Gemeente Heemskerk;Heemskerk
Heemstede;Noord-Holland;52%;12%;27778;73%;9%;17,31%;0%;0%;4,80%;11%;1,51%;0%;0,44%;0%;3008;2,2;65,3;34,6;21,1;13,5;657;Gemeente Heemstede;Heemstede
Heerde;Gelderland;61%;24%;19214;69%;20%;9,27%;0%;0%;2,72%;6%;0,55%;0%;1,40%;0%;245;2,37;68,8;31,1;23,5;7,6;429;Gemeente Heerde;Heerde
Heerenveen;Frysl�n;59%;23%;51637;62%;28%;8,99%;0,15%;0%;3,15%;5,40%;0,44%;0,05%;1,21%;0%;273;2,14;60,4;39,6;27,9;11,7;325;Gemeente Heerenveen;Heerenveen
Heerlen;Limburg;62%;37%;87122;78%;11%;9,55%;0%;0%;2,32%;7%;0,23%;0%;1,24%;0%;1948;1,86;46,6;53,2;36,3;16,9;202;Gemeente Heerlen;Heerlen
Heeze-Leende;Noord-Brabant;65%;23%;16627;69%;18%;11,26%;0%;0%;3,22%;7,40%;0,64%;0%;1,34%;0%;162;2,28;77,5;22,4;14;8,4;478;Gemeente Heeze-Leende;Heeze-Leende
Heiloo;Noord-Holland;52%;16%;24319;71%;13%;15,32%;0%;0,08%;4,54%;9,80%;0,98%;0%;1,24%;0%;1300;2,16;73,2;26,7;16,4;10,3;516;Gemeente Heiloo;Heiloo
Hellendoorn;Overijssel;72%;21%;36261;70%;18%;10,92%;0%;0%;2,78%;7,60%;0,54%;0%;1,43%;0%;263;2,37;72,9;27;20,8;6,2;397;Gemeente Hellendoorn;Hellendoorn
Helmond;Noord-Brabant;66%;34%;94898;72%;15%;12,03%;0%;0%;3,08%;8,30%;0,65%;0%;1,30%;0%;1803;2,19;53,6;46,4;35,9;10,5;320;Gemeente Helmond;Helmond
Hendrik-Ido-Ambacht;Zuid-Holland;58%;27%;32183;73%;11%;15,26%;0%;0%;3,55%;11%;0,71%;0%;0,58%;0%;3209;2,52;72,3;27,7;22;5,7;413;Gemeente Hendrik-Ido-Ambacht;Hendrik-Ido-Ambacht
Hengelo;Overijssel;63%;22%;82311;68%;14%;16,77%;0%;0%;6,60%;9,70%;0,47%;0%;0,87%;0%;1365;2,06;56,5;43,5;30,4;13,1;306;Gemeente Hengelo;Hengelo (O.)
Het Hogeland;Groningen;54%;20%;48298;69%;23%;7,49%;0,06%;0%;1,57%;5,70%;0,22%;0%;0,91%;0%;101;2,16;67;33;24,5;8,5;262;Gemeente Het Hogeland;Het Hogeland
Heumen;Gelderland;55%;20%;16824;72%;15%;12,11%;0%;0%;3,43%;8,10%;0,58%;0%;1,07%;0%;424;2,24;71,6;28,4;18,6;9,8;415;Gemeente Heumen;Heumen
Heusden;Noord-Brabant;67%;29%;45830;69%;18%;11,47%;0%;0%;3,59%;7,30%;0,58%;0,05%;0,96%;0%;584;2,27;67,9;32,1;25,5;6,6;413;Gemeente Heusden;Heusden
Hillegom;Zuid-Holland;63%;27%;22453;71%;15%;12,99%;0%;0%;4,32%;8%;0,67%;0%;1,07%;0%;1775;2,17;67;33;23,8;9,2;416;Gemeente Hillegom;Hillegom
Hilvarenbeek;Noord-Brabant;65%;21%;15949;64%;22%;12,24%;0%;0%;3,09%;8,70%;0,45%;0%;1,06%;0%;168;2,3;75,2;24,7;14,3;10,4;468;Gemeente Hilvarenbeek;Hilvarenbeek
Hilversum;Noord-Holland;47%;18%;93345;69%;14%;14,98%;0,28%;0%;5,20%;8,80%;0,98%;0%;0,95%;0%;2070;2,07;53,7;46,2;29,7;16,5;471;Gemeente Hilversum;Hilversum
Hoeksche Waard;Zuid-Holland;61%;28%;89760;69%;17%;12,76%;0%;0%;3,40%;8,80%;0,56%;0%;1,17%;0%;336;2,29;70,8;29,1;24,2;4,9;382;Gemeente Hoeksche Waard;Hoeksche Waard
Hof van Twente;Overijssel;75%;21%;35455;69%;20%;9,65%;0%;0%;2,95%;6,20%;0,50%;0%;1,20%;0%;167;2,28;68,7;31,3;19,5;11,8;359;Gemeente Hof van Twente;Hof van Twente
Hollands Kroon;Noord-Holland;70%;28%;49431;64%;24%;9,41%;0%;0%;3,08%;5,90%;0,43%;0%;2,25%;0%;138;2,23;70,8;29;21,6;7,4;355;Gemeente Hollands Kroon;Hollands Kroon
Hoogeveen;Drenthe;66%;32%;56433;67%;24%;8,24%;0%;0%;1,96%;5,90%;0,38%;0%;1,57%;0%;444;2,2;61,5;38,1;28,4;9,7;272;Gemeente Hoogeveen;Hoogeveen
Hoorn;Noord-Holland;56%;24%;75216;68%;19%;11,87%;0,08%;0%;3,18%;8%;0,69%;0%;1,29%;0%;3713;2,16;60,6;39,4;29,4;10;349;Gemeente Hoorn;Hoorn
Horst aan de Maas;Limburg;69%;29%;43641;67%;19%;10,62%;1,50%;0%;4,10%;6,20%;0,32%;0%;1,54%;0%;233;2,23;75,3;24,7;15,2;9,5;339;Gemeente Horst aan de Maas;Horst aan de Maas
Houten;Utrecht;52%;18%;50581;42%;14%;43,20%;0%;0%;23%;20%;0,20%;0%;0,29%;0%;926;2,38;67,1;32,9;24,4;8,5;500;Gemeente Houten;Houten
Huizen;Noord-Holland;58%;21%;41252;73%;13%;13,29%;0%;0%;3,65%;8,90%;0,74%;0%;0,98%;0%;2605;2,15;58,7;41,3;32,3;9;461;Gemeente Huizen;Huizen
Hulst;Zeeland;69%;29%;27596;75%;15%;8,82%;0%;0%;2,00%;6,70%;0,12%;0%;0,91%;0%;136;2,08;74;25,2;18;7,2;295;Gemeente Hulst;Hulst
IJsselstein;Utrecht;61%;24%;33492;71%;14%;14,12%;0%;0%;3,67%;9,80%;0,65%;0%;0,86%;0%;1591;2,29;63,9;36,1;24,2;11,9;424;Gemeente IJsselstein;IJsselstein
Kaag en Braassem;Zuid-Holland;67%;26%;28573;70%;16%;12,23%;0%;0%;4,09%;7,60%;0,54%;0%;0,84%;0%;462;2,27;65,5;34,3;26,7;7,6;464;Gemeente Kaag en Braassem;Kaag en Braassem
Kampen;Overijssel;54%;24%;55614;68%;22%;8,64%;0%;0%;2,42%;5,80%;0,42%;0,05%;1,28%;0%;398;2,39;63,4;36,6;24,8;11,8;337;Gemeente Kampen;Kampen
Kapelle;Zeeland;55%;21%;13051;68%;19%;11,53%;0%;0%;3,39%;7,60%;0,54%;0%;0,88%;0%;350;2,35;76,8;22,9;14,4;8,5;354;Gemeente Kapelle;Kapelle
Katwijk;Zuid-Holland;61%;32%;66607;71%;15%;13,45%;0%;0%;3,23%;9,40%;0,82%;0,09%;0,67%;0%;2700;2,4;65;34,9;27,1;7,8;438;Gemeente Katwijk;Katwijk
Kerkrade;Limburg;70%;44%;45620;79%;11%;8,57%;0%;0%;1,76%;6,60%;0,21%;0%;1,05%;0%;2068;1,93;52,9;46,5;32;14,5;200;Gemeente Kerkrade;Kerkrade
Koggenland;Noord-Holland;68%;24%;23509;65%;24%;9,72%;0%;0%;2,76%;6,40%;0,56%;0%;1,37%;0%;294;2,36;78,7;20,9;5,4;15,5;399;Gemeente Koggenland;Koggenland
Krimpen aan den IJssel;Zuid-Holland;53%;27%;29504;75%;12%;12,24%;0%;0%;2,74%;8,90%;0,60%;0%;0,59%;0%;3861;2,32;59,8;40,3;35,8;4,5;377;Gemeente Krimpen aan den IJssel;Krimpen aan den IJssel
Krimpenerwaard;Zuid-Holland;58%;24%;57700;67%;20%;12,17%;0%;0%;3,27%;8,30%;0,60%;0%;1,17%;0%;390;2,33;66,8;33,2;26;7,2;404;Gemeente Krimpenerwaard;Krimpenerwaard
Laarbeek;Noord-Brabant;70%;30%;23260;68%;20%;10,05%;0%;0%;2,83%;6,50%;0,72%;0%;1,39%;0%;420;2,32;69,6;30,4;22,5;7,9;412;Gemeente Laarbeek;Laarbeek
Land van Cuijk;Noord-Brabant;66%;26%;91423;68%;21%;9,54%;0%;0%;2,71%;6,50%;0,33%;0%;1,37%;0%;269;2,25;68,7;31,1;22,1;9;374;Gemeente Land van Cuijk;Land van Cuijk
Landgraaf;Limburg;70%;42%;37175;78%;10%;10,75%;0%;0%;2,44%;8%;0,31%;0%;1,26%;0%;1510;2,04;63,1;36,6;27,8;8,8;248;Gemeente Landgraaf;Landgraaf
Landsmeer;Noord-Holland;57%;25%;11705;70%;14%;15,24%;0%;0%;4,02%;10%;1,22%;0%;0,97%;0%;520;2,32;66,1;33,8;26,2;7,6;580;Gemeente Landsmeer;Landsmeer
Lansingerland;Zuid-Holland;62%;24%;64754;67%;16%;15,92%;0%;0%;5,10%;9,90%;0,92%;0%;0,98%;0%;1231;2,55;73;26,9;18,9;8;497;Gemeente Lansingerland;Lansingerland
Laren;Noord-Holland;67%;15%;11712;70%;11%;19,32%;0%;0%;5,60%;12%;1,72%;0%;0,64%;0%;922;2,11;68,2;31,6;16,7;14,9;888;Gemeente Laren;Laren (NH.)
Leeuwarden;Frysl�n;51%;22%;127073;68%;20%;10,41%;0,22%;0%;3,49%;6,50%;0,42%;0%;1,19%;0%;542;1,89;50,5;49,4;28;21,4;249;Gemeente Leeuwarden;Leeuwarden
Leiden;Zuid-Holland;36%;15%;127089;74%;12%;13,05%;0%;0%;3,21%;9%;0,84%;0%;0,73%;0%;5954;1,75;40,6;59,3;31,9;27,4;394;Gemeente Leiden;Leiden
Leiderdorp;Zuid-Holland;53%;20%;27657;74%;10%;15,37%;0%;0%;3,58%;11%;0,79%;0%;0,51%;0%;2413;2,16;64,2;35,8;23,5;12,3;423;Gemeente Leiderdorp;Leiderdorp
Leidschendam-Voorburg;Zuid-Holland;55%;20%;77753;75%;9,30%;14,44%;0%;0%;3,57%;10%;0,87%;0%;0,72%;0%;2399;2,05;57,8;42,2;24,9;17,3;389;Gemeente Leidschendam-Voorburg;Leidschendam-Voorburg
Lelystad;Flevoland;60%;30%;83033;67%;17%;13,86%;0%;0%;4,68%;8,30%;0,88%;0%;1,79%;0%;367;2,24;62;38;28;10;342;Gemeente Lelystad;Lelystad
Leudal;Limburg;71%;32%;36141;70%;18%;10,47%;0%;0%;2,57%;7,70%;0,20%;0%;1,74%;0%;222;2,18;77,4;22,6;12,5;10,1;338;Gemeente Leudal;Leudal
Leusden;Utrecht;53%;16%;31467;70%;14%;14,16%;0%;0%;4,33%;9,20%;0,63%;0%;0,95%;0%;541;2,25;71;29;20,7;8,3;459;Gemeente Leusden;Leusden
Lingewaard;Gelderland;65%;26%;47220;71%;15%;12,05%;0%;0%;3,28%;8,10%;0,67%;0,11%;1,19%;0%;764;2,32;72,9;27,1;18,9;8,2;395;Gemeente Lingewaard;Lingewaard
Lisse;Zuid-Holland;62%;24%;23390;73%;13%;12,27%;0%;0%;3,40%;8,10%;0,77%;0%;0,99%;0%;1494;2,19;64,3;35,7;26,5;9,2;408;Gemeente Lisse;Lisse
Lochem;Gelderland;60%;14%;34314;69%;18%;11,23%;0%;0%;3,79%;6,70%;0,74%;0%;1,41%;0%;161;2,2;71,1;28,9;17,9;11;465;Gemeente Lochem;Lochem
Loon op Zand;Noord-Brabant;70%;32%;23797;73%;16%;10,59%;0%;0%;2,98%;7%;0,61%;0%;0,93%;0%;478;2,26;65,4;34,6;23,1;11,5;384;Gemeente Loon op Zand;Loon op Zand
Lopik;Utrecht;65%;29%;14704;63%;27%;9,39%;0%;0%;2,73%;6,10%;0,56%;0%;1,09%;0%;195;2,47;74,2;25,9;17,4;8,5;452;Gemeente Lopik;Lopik
Losser;Overijssel;80%;27%;23362;73%;17%;9,09%;0%;0%;2,31%;6,50%;0,28%;0%;0,79%;0%;237;2,32;70,3;29,6;18,7;10,9;368;Gemeente Losser;Losser
Maasdriel;Gelderland;73%;37%;26020;60%;28%;11,14%;0%;0%;3,94%;6,60%;0,60%;0%;1,07%;0%;398;2,28;71,6;28,3;19,9;8,4;422;Gemeente Maasdriel;Maasdriel
Maasgouw;Limburg;71%;35%;24305;72%;15%;10,86%;0%;0%;2,50%;8,10%;0,26%;0%;1,98%;0%;534;2,13;74,3;25,6;16,1;9,5;322;Gemeente Maasgouw;Maasgouw
Maashorst;Noord-Brabant;65%;27%;58934;63%;23%;12,56%;0%;0%;4,36%;7,80%;0,40%;0%;1,31%;0%;431;2,23;64,7;35,2;25,4;9,8;402;Gemeente Maashorst;Maashorst
Maassluis;Zuid-Holland;60%;28%;35303;75%;11%;13,25%;0%;0%;2,65%;9,90%;0,70%;0%;0,49%;0%;4243;2,22;54,8;45,1;38,8;6,3;324;Gemeente Maassluis;Maassluis
Maastricht;Limburg;53%;26%;122734;76%;12%;11,17%;0%;0%;2,41%;8,40%;0,36%;0%;1,02%;0%;2246;1,68;38;61,2;33,8;27,4;297;Gemeente Maastricht;Maastricht
Medemblik;Noord-Holland;66%;26%;46031;61%;27%;9,74%;0%;0%;3,21%;5,90%;0,63%;0,44%;1,86%;0%;379;2,28;69,7;30,2;23,1;7,1;387;Gemeente Medemblik;Medemblik
Meerssen;Limburg;65%;30%;18600;74%;13%;11,47%;0%;0%;2,68%;8,50%;0,29%;0%;1,49%;0%;695;2,13;72,4;27,6;19,3;8,3;344;Gemeente Meerssen;Meerssen
Meierijstad;Noord-Brabant;67%;29%;83715;65%;23%;10,82%;0%;0%;3,48%;6,80%;0,54%;0%;1,21%;0%;458;2,26;69,1;30,9;21,1;9,8;420;Gemeente Meierijstad;Meierijstad
Meppel;Drenthe;59%;22%;35464;67%;20%;11,06%;0%;0%;2,61%;7,80%;0,65%;0%;1,42%;0%;645;2,11;57,7;42,3;30,7;11,6;298;Gemeente Meppel;Meppel
Middelburg;Zeeland;46%;18%;49956;73%;16%;10,10%;0%;0%;2,80%;6,90%;0,40%;0%;0,64%;0%;1034;2,03;60,3;39,5;26,9;12,6;289;Gemeente Middelburg;Middelburg (Z.)
Midden-Delfland;Zuid-Holland;62%;21%;19472;66%;19%;13,69%;0%;0%;3,95%;9%;0,74%;0%;0,74%;0%;411;2,4;73,1;26,9;21,6;5,3;481;Gemeente Midden-Delfland;Midden-Delfland
Midden-Drenthe;Drenthe;66%;24%;33987;63%;27%;8,18%;0%;0%;2,26%;5,40%;0,52%;0%;1,37%;0%;100;2,25;71;29;22,2;6,8;328;Gemeente Midden-Drenthe;Midden-Drenthe
Midden-Groningen;Groningen;63%;28%;61554;69%;21%;8,44%;0%;0%;1,86%;6,20%;0,38%;0%;1,61%;0%;221;2,11;62;38;29;9;276;Gemeente Midden-Groningen;Midden-Groningen
Moerdijk;Noord-Brabant;70%;33%;37711;65%;23%;11,15%;0%;0%;3,08%;7,70%;0,37%;0,05%;1,10%;0%;239;2,22;66,5;33,4;26,6;6,8;353;Gemeente Moerdijk;Moerdijk
Molenlanden;Zuid-Holland;52%;22%;45158;65%;24%;9,59%;0%;0%;2,94%;6,30%;0,35%;0%;1,03%;0%;249;2,54;69,7;30,3;24,7;5,6;413;Gemeente Molenlanden;Molenlanden
Montferland;Gelderland;73%;32%;36882;71%;18%;9,91%;0%;0%;2,73%;6,80%;0,38%;0%;1,09%;0%;349;2,24;66,5;33,4;23,1;10,3;295;Gemeente Montferland;Montferland
Montfoort;Utrecht;62%;23%;13929;66%;22%;11,51%;0%;0%;3,33%;7,50%;0,68%;0%;1,31%;0%;369;2,39;74,2;25,8;16,1;9,7;455;Gemeente Montfoort;Montfoort
Mook en Middelaar;Limburg;54%;20%;8043;70%;16%;13,06%;0%;0%;3,55%;8,80%;0,71%;0%;1,29%;0%;469;2,12;74,2;25,8;16;9,8;426;Gemeente Mook en Middelaar;Mook en Middelaar
Neder-Betuwe;Gelderland;48%;26%;25448;63%;26%;9,99%;0%;0%;2,84%;6,50%;0,65%;0%;1,25%;0%;429;2,62;66,2;33,8;27,8;6;368;Gemeente Neder-Betuwe;Neder-Betuwe
Nederweert;Limburg;72%;31%;17499;68%;20%;9,74%;0,08%;0%;3,00%;6,30%;0,44%;0%;1,82%;0%;175;2,24;70,9;29;19,2;9,8;376;Gemeente Nederweert;Nederweert
Nieuwegein;Utrecht;58%;27%;65426;70%;15%;14,42%;0%;0%;3,82%;10%;0,60%;0%;0,88%;0,12%;2817;2,12;57,8;42,2;29,5;12,7;351;Gemeente Nieuwegein;Nieuwegein
Nieuwkoop;Zuid-Holland;68%;26%;29463;68%;20%;11,91%;0%;0%;3,54%;7,80%;0,57%;0%;1,04%;0%;376;2,35;72,5;27,5;20,6;6,9;476;Gemeente Nieuwkoop;Nieuwkoop
Nijkerk;Gelderland;59%;24%;44975;68%;20%;10,84%;0%;0%;3,06%;7,10%;0,68%;0%;1,05%;0%;654;2,42;69,9;30,1;22,9;7,2;470;Gemeente Nijkerk;Nijkerk
Nijmegen;Gelderland;35%;15%;182480;73%;14%;11,38%;0,04%;0%;3,25%;7,60%;0,53%;0,12%;1,25%;0%;3542;1,78;43,5;56,4;38,5;17,9;373;Gemeente Nijmegen;Nijmegen
Nissewaard;Zuid-Holland;68%;38%;86833;73%;12%;14,21%;0,04%;0%;3,75%;10%;0,46%;0,04%;0,85%;0%;1195;2,18;58,9;41,1;36,3;4,8;288;Gemeente Nissewaard;Nissewaard
Noardeast-Frysl�n;Frysl�n;66%;27%;45812;66%;28%;4,55%;0%;0%;1,44%;2,87%;0,24%;0%;1,06%;0%;121;2,24;66,6;33,3;23,8;9,5;283;Gemeente Noardeast-Frysl�n;Noardeast-Frysl�n
Noord-Beveland;Zeeland;64%;26%;7857;66%;23%;10,16%;0%;0%;3,19%;6,80%;0,17%;0%;0,83%;0%;92;2,01;73;24,2;13;11,2;306;Gemeente Noord-Beveland;Noord-Beveland
Noordenveld;Drenthe;58%;20%;31591;69%;21%;8,81%;0%;0%;2,57%;5,60%;0,64%;0%;1,28%;0%;159;2,16;71,2;28,8;18,9;9,9;367;Gemeente Noordenveld;Noordenveld
Noordoostpolder;Flevoland;64%;24%;49729;61%;27%;10,46%;0%;0%;3,88%;5,90%;0,68%;0%;1,70%;0%;109;2,31;65,4;34,6;22,5;12,1;326;Gemeente Noordoostpolder;Noordoostpolder
Noordwijk;Zuid-Holland;66%;26%;45179;70%;15%;13,59%;0,05%;0%;3,94%;8,80%;0,85%;0%;1,00%;0%;784;2,13;63,1;36,5;20,9;15,6;494;Gemeente Noordwijk;Noordwijk
Nuenen, Gerwen en Nederwetten;Noord-Brabant;59%;20%;24015;70%;15%;14,22%;0%;0%;4,33%;9,20%;0,69%;0%;1,06%;0%;720;2,26;75,7;24,3;15,3;9;494;Gemeente Nuenen, Gerwen en Nederwetten;Nuenen, Gerwen en Nederwetten
Nunspeet;Gelderland;49%;21%;28731;68%;21%;9,53%;0%;0%;2,56%;6,30%;0,67%;0%;1,26%;0%;226;2,45;65,2;34,8;22,9;11,9;425;Gemeente Nunspeet;Nunspeet
Oegstgeest;Zuid-Holland;47%;13%;25746;71%;11%;16,81%;0%;0%;4,66%;11%;1,15%;0%;0,47%;0%;3557;2,25;72,1;27,8;15,9;11,9;565;Gemeente Oegstgeest;Oegstgeest
Oirschot;Noord-Brabant;70%;27%;19217;68%;20%;10,69%;0%;0%;3,71%;6,40%;0,58%;0%;1,17%;0%;189;2,33;75,5;24,5;12,9;11,6;501;Gemeente Oirschot;Oirschot
Oisterwijk;Noord-Brabant;65%;23%;32941;68%;17%;13,24%;0%;0%;4,02%;8,40%;0,82%;0%;1,03%;0%;411;2,21;68,5;31,2;19,9;11,3;496;Gemeente Oisterwijk;Oisterwijk
Oldambt;Groningen;66%;33%;39044;71%;20%;7,69%;0%;0%;2,03%;5,50%;0,16%;0%;1,33%;0%;174;2,04;63,3;36,2;25,5;10,7;264;Gemeente Oldambt;Oldambt
Oldebroek;Gelderland;56%;25%;24264;65%;25%;7,96%;0%;0%;2,23%;5,20%;0,53%;0%;1,69%;0%;249;2,5;69,2;30,7;22,5;8,2;369;Gemeente Oldebroek;Oldebroek
Oldenzaal;Overijssel;73%;23%;31925;68%;20%;11,68%;0%;0%;3,30%;8%;0,38%;0%;0,71%;0%;1475;2,18;62,5;37,4;28,2;9,2;352;Gemeente Oldenzaal;Oldenzaal
Olst-Wijhe;Overijssel;65%;20%;18682;70%;20%;8,74%;0%;0%;2,57%;5,60%;0,57%;0%;1,95%;0%;166;2,31;69,5;30,5;22,5;8;390;Gemeente Olst-Wijhe;Olst-Wijhe
Ommen;Overijssel;65%;18%;18955;65%;25%;9,53%;0%;0%;2,93%;6%;0,60%;0%;1,06%;0%;106;2,32;71;28,9;17,6;11,3;410;Gemeente Ommen;Ommen
Oost Gelre;Gelderland;73%;21%;29846;69%;21%;9,41%;0,05%;0%;2,58%;6,30%;0,53%;0%;0,97%;0%;273;2,29;74,4;25,5;14,9;10,6;307;Gemeente Oost Gelre;Oost Gelre
Oosterhout;Noord-Brabant;65%;29%;57425;68%;17%;14,05%;0%;0%;4,39%;9,20%;0,46%;0%;0,87%;0%;811;2,18;60,9;38,8;31,7;7,1;366;Gemeente Oosterhout;Oosterhout
Ooststellingwerf;Frysl�n;66%;27%;25837;64%;27%;6,97%;0%;0%;2,01%;4,55%;0,41%;0%;2,06%;0%;116;2,17;67,4;32,6;26,6;6;310;Gemeente Ooststellingwerf;Ooststellingwerf
Oostzaan;Noord-Holland;63%;31%;9720;68%;17%;14,15%;0%;0%;3,76%;9,50%;0,89%;0%;1,02%;0%;839;2,32;67,1;32,9;28;4,9;490;Gemeente Oostzaan;Oostzaan
Opmeer;Noord-Holland;69%;26%;12180;69%;21%;8,33%;0%;0%;2,54%;5,30%;0,49%;0%;1,58%;0%;294;2,29;75,8;24,2;1,8;22,4;379;Gemeente Opmeer;Opmeer
Opsterland;Frysl�n;60%;23%;30054;65%;27%;6,52%;0%;0%;2,18%;3,97%;0,37%;0%;1,68%;0%;134;2,29;70,3;29,7;21,5;8,2;338;Gemeente Opsterland;Opsterland
Oss;Noord-Brabant;63%;32%;94437;66%;21%;11,32%;0,18%;0%;3,36%;7,50%;0,46%;0,02%;1,23%;0%;584;2,19;62,7;37,3;27,1;10,2;365;Gemeente Oss;Oss
Oude IJsselstreek;Gelderland;69%;24%;39613;73%;18%;8,34%;0%;0%;2,22%;5,80%;0,32%;0%;1,02%;0%;290;2,22;66,2;33,8;24,4;9,4;329;Gemeente Oude IJsselstreek;Oude IJsselstreek
Ouder-Amstel;Noord-Holland;48%;14%;14276;49%;12%;38,05%;0%;0%;28%;9,30%;0,75%;0%;0,64%;0%;603;2,16;55,2;44,8;31,8;13;559;Gemeente Ouder-Amstel;Ouder-Amstel
Oudewater;Utrecht;65%;25%;10232;63%;25%;10,61%;0%;0%;3,51%;6,40%;0,70%;0%;0,91%;0%;263;2,28;69;30,9;21,4;9,5;420;Gemeente Oudewater;Oudewater
Overbetuwe;Gelderland;61%;25%;48707;67%;19%;13,52%;0%;0%;4,36%;8,60%;0,56%;0%;1,35%;0%;449;2,36;68,3;31,6;21,7;9,9;405;Gemeente Overbetuwe;Overbetuwe
Papendrecht;Zuid-Holland;61%;29%;32277;72%;14%;13,15%;0%;0%;3,45%;9,20%;0,50%;0,08%;0,74%;0%;3418;2,23;65,5;34,4;28,1;6,3;344;Gemeente Papendrecht;Papendrecht
Peel en Maas;Limburg;72%;34%;45276;71%;18%;8,90%;0%;0%;2,16%;6,40%;0,34%;0%;1,79%;0%;286;2,23;73,3;26,5;19,5;7;357;Gemeente Peel en Maas;Peel en Maas
Pekela;Groningen;72%;42%;12404;72%;20%;6,00%;0%;0%;1,27%;4,27%;0,46%;0%;2,31%;0%;255;2,15;64,2;35,7;24,4;11,3;203;Gemeente Pekela;Pekela
Pijnacker-Nootdorp;Zuid-Holland;61%;24%;57672;68%;14%;17,15%;0%;0%;5,20%;11%;0,95%;0%;0,66%;0%;1571;2,5;71,8;28,2;19,5;8,7;500;Gemeente Pijnacker-Nootdorp;Pijnacker-Nootdorp
Purmerend;Noord-Holland;64%;32%;93992;71%;14%;13,82%;0%;0%;3,37%;9,70%;0,75%;0%;0,94%;0%;1017;2,17;59,8;40,2;31,9;8,3;394;Gemeente Purmerend;Purmerend
Putten;Gelderland;59%;23%;24904;67%;22%;9,13%;0%;0%;2,47%;6%;0,66%;0%;1,33%;0%;293;2,43;67,1;32,8;21,7;11,1;485;Gemeente Putten;Putten
Raalte;Overijssel;73%;18%;38500;67%;22%;9,83%;0,16%;0%;3,15%;6,10%;0,58%;0%;1,42%;0%;224;2,31;69,3;30,6;23,5;7,1;390;Gemeente Raalte;Raalte
Reimerswaal;Zeeland;46%;23%;23255;67%;25%;7,66%;0%;0%;2,11%;5,10%;0,45%;0%;0,75%;0%;229;2,45;70,6;28,7;21,1;7,6;296;Gemeente Reimerswaal;Reimerswaal
Renkum;Gelderland;47%;16%;31461;72%;13%;13,53%;0%;0%;4,14%;8,70%;0,69%;0%;1,27%;0%;684;2,03;63,3;36,6;20,8;15,8;414;Gemeente Renkum;Renkum
Renswoude;Utrecht;58%;24%;5747;62%;27%;9,69%;0%;0%;2,46%;6,50%;0,73%;0%;1,04%;0%;313;2,55;74,2;25,5;0;25,5;516;Gemeente Renswoude;Renswoude
Reusel-De Mierden;Noord-Brabant;71%;29%;13542;67%;24%;8,02%;0%;0%;1,96%;5,80%;0,26%;0%;1,27%;0%;174;2,33;76,6;23,3;13;10,3;439;Gemeente Reusel-De Mierden;Reusel-De Mierden
Rheden;Gelderland;52%;22%;43570;72%;15%;11,83%;0,06%;0%;3,64%;7,70%;0,49%;0%;1,53%;0%;534;1,99;55,8;44,2;28,6;15,6;361;Gemeente Rheden;Rheden
Rhenen;Utrecht;52%;24%;20329;67%;19%;12,58%;0%;0%;2,68%;9,20%;0,70%;0%;1,29%;0%;482;2,34;64,7;35,3;27,2;8,1;435;Gemeente Rhenen;Rhenen
Ridderkerk;Zuid-Holland;59%;32%;47477;71%;15%;13,59%;0%;0%;3,27%;9,90%;0,42%;0%;0,69%;0%;2033;2,21;57,3;42,7;38,1;4,6;342;Gemeente Ridderkerk;Ridderkerk
Rijssen-Holten;Overijssel;55%;19%;38493;64%;23%;11,07%;0,14%;0%;3,22%;7,30%;0,55%;0%;1,23%;0%;411;2,59;69,2;30,8;20,9;9,9;380;Gemeente Rijssen-Holten;Rijssen-Holten
Rijswijk;Zuid-Holland;55%;26%;57997;71%;12%;16,32%;0%;0%;4,48%;11%;0,84%;0%;0,61%;0%;4267;2,04;49;50,9;32,1;18,8;355;Gemeente Rijswijk;Rijswijk (ZH.)
Roerdalen;Limburg;72%;38%;20702;74%;14%;10,62%;0%;0%;2,32%;8,30%;0%;0%;1,42%;0%;236;2,13;74,5;25,4;16,1;9,3;307;Gemeente Roerdalen;Roerdalen
Roermond;Limburg;62%;32%;59981;72%;15%;12,20%;0%;0%;3,02%;8,70%;0,48%;0%;1,28%;0%;1002;2,02;54,3;45,5;29,4;16,1;292;Gemeente Roermond;Roermond
Roosendaal;Noord-Brabant;65%;30%;77613;71%;17%;10,53%;0%;0%;2,66%;7,50%;0,37%;0%;0,64%;0%;728;2,11;61,7;38,1;27,3;10,8;300;Gemeente Roosendaal;Roosendaal
Rotterdam;Zuid-Holland;44%;21%;663900;70%;16%;13,38%;0,03%;0%;4,04%;8,60%;0,74%;0%;0,95%;0%;3070;1,93;34,5;65,4;43,3;22,1;334;Gemeente Rotterdam;Rotterdam
Rozendaal;Gelderland;54%;8%;1754;64%;15%;20,81%;0%;0%;7,50%;11%;2,31%;0%;0%;0%;66;2,43;88,6;11,4;6,5;4,9;769;Gemeente Rozendaal;Rozendaal
Rucphen;Noord-Brabant;83%;54%;23636;71%;19%;9,84%;0%;0%;2,63%;6,80%;0,41%;0%;1,03%;0%;372;2,28;66,9;33,1;28,1;5;370;Gemeente Rucphen;Rucphen
Schagen;Noord-Holland;64%;24%;47450;67%;21%;10,49%;0%;0%;3,18%;6,70%;0,61%;0%;1,67%;0%;284;2,2;69,5;30,4;21,3;9,1;359;Gemeente Schagen;Schagen
Scherpenzeel;Gelderland;57%;24%;10386;67%;22%;9,93%;0%;0%;2,34%;7%;0,59%;0%;0,92%;0%;750;2,43;73,2;26,7;16,7;10;417;Gemeente Scherpenzeel;Scherpenzeel
Schiedam;Zuid-Holland;53%;28%;80628;70%;16%;13,30%;0,09%;0%;3,47%;9,20%;0,63%;0%;0,92%;0%;4596;2,08;49;50,9;30,6;20,3;299;Gemeente Schiedam;Schiedam
Schiermonnikoog;Frysl�n;47%;11%;982;71%;26%;2,76%;0%;0%;0%;2,76%;0%;0%;0%;0%;23;1,71;52,9;46,4;25,8;20,6;405;Gemeente Schiermonnikoog;Schiermonnikoog
Schouwen-Duiveland;Zeeland;59%;24%;34561;66%;23%;10,49%;0%;0%;3,18%;7%;0,31%;0%;0,88%;0%;151;2,13;68;31,7;24;7,7;382;Gemeente Schouwen-Duiveland;Schouwen-Duiveland
s-Gravenhage;Zuid-Holland;47%;22%;562839;66%;17%;16,49%;0,03%;0%;6,60%;9,40%;0,49%;0%;0,71%;0%;6868;1,97;41,8;57,9;30,4;27,5;363;Gemeente Den Bosch;s-Gravenhage (gemeente)
s-Hertogenbosch;Noord-Brabant;54%;24%;158753;65%;17%;16,88%;0,01%;0%;6,10%;9,80%;0,98%;0,04%;0,84%;0,01%;1468;2,04;52,1;47,8;33,3;14,5;406;Gemeente Den Haag;s-Hertogenbosch
Simpelveld;Limburg;71%;37%;10396;80%;10%;9,33%;0%;0%;2,13%;7%;0,20%;0%;0,74%;0%;640;2,08;63,8;36;24,1;11,9;253;Gemeente Simpelveld;Simpelveld
Sint-Michielsgestel;Noord-Brabant;62%;25%;30135;66%;20%;12,52%;0%;0%;3,37%;8,40%;0,75%;0%;1,00%;0%;516;2,36;74,7;25,3;16,3;9;465;Gemeente Sint-Michielsgestel;Sint-Michielsgestel
Sittard-Geleen;Limburg;64%;34%;92234;73%;14%;11,94%;0%;0%;3,34%;8,40%;0,20%;0%;1,15%;0%;1179;1,97;58,5;41,4;27,7;13,7;252;Gemeente Sittard-Geleen;Sittard-Geleen
Sliedrecht;Zuid-Holland;51%;26%;26184;70%;17%;11,66%;0%;0%;3,00%;8,20%;0,46%;0%;1,98%;0%;2044;2,31;58;42;33,7;8,3;314;Gemeente Sliedrecht;Sliedrecht
Sluis;Zeeland;68%;27%;23243;70%;21%;8,63%;0%;0%;1,77%;6,70%;0,16%;0%;0,67%;0%;83;2,01;67,2;28;15,9;12,1;322;Gemeente Sluis;Sluis
Smallingerland;Frysl�n;57%;24%;56098;59%;24%;15,38%;0,13%;0%;8,10%;6,90%;0,38%;0%;1,14%;0,03%;484;2,14;59,7;40,2;30;10,2;287;Gemeente Smallingerland;Smallingerland
Soest;Utrecht;56%;20%;47439;70%;15%;13,86%;0,06%;0%;4,20%;8,80%;0,86%;0%;1,37%;0%;1031;2,22;64,2;35,7;21,6;14,1;454;Gemeente Soest;Soest
Someren;Noord-Brabant;75%;30%;20061;64%;25%;9,60%;0%;0%;2,78%;6,30%;0,52%;0%;1,56%;0%;252;2,33;72,4;27,5;20,3;7,2;408;Gemeente Someren;Someren
Son en Breugel;Noord-Brabant;62%;22%;18010;65%;20%;13,75%;0,13%;0%;4,69%;8,30%;0,76%;0%;1,01%;0%;692;2,32;74,7;25,3;15,4;9,9;490;Gemeente Son en Breugel;Son en Breugel
Stadskanaal;Groningen;66%;33%;32135;68%;22%;8,15%;0%;0%;1,89%;5,90%;0,36%;0%;1,59%;0%;272;2,11;60,5;38,9;30;8,9;264;Gemeente Stadskanaal;Stadskanaal
Staphorst;Overijssel;46%;21%;17628;63%;31%;5,22%;0%;0%;1,18%;3,67%;0,37%;0%;1,31%;0%;132;2,78;78;22;10,7;11,3;358;Gemeente Staphorst;Staphorst
Stede Broec;Noord-Holland;68%;31%;22138;72%;16%;10,71%;0%;0%;2,66%;7,30%;0,75%;0%;1,75%;0%;1534;2,29;70;30;24,9;5,1;363;Gemeente Stede Broec;Stede Broec
Steenbergen;Noord-Brabant;74%;37%;24610;70%;19%;9,30%;0%;0%;2,65%;6,30%;0,35%;0%;1,25%;0%;167;2,18;70,2;29,7;21,6;8,1;345;Gemeente Steenbergen;Steenbergen
Steenwijkerland;Overijssel;66%;25%;45376;63%;27%;8,89%;0%;0%;2,25%;6,20%;0,44%;0%;1,26%;0%;158;2,22;66,2;33,8;25;8,8;323;Gemeente Steenwijkerland;Steenwijkerland
Stein;Limburg;70%;38%;24772;75%;13%;10,14%;0%;0%;2,21%;7,70%;0,23%;0,06%;1,76%;0%;1183;2,12;71,8;28,1;21,8;6,3;291;Gemeente Stein;Stein (L.)
Stichtse Vecht;Utrecht;59%;23%;65771;69%;14%;15,67%;0%;0%;5,30%;9,50%;0,87%;0%;0,95%;0%;686;2,24;65;35;21,8;13,2;460;Gemeente Stichtse Vecht;Stichtse Vecht
S�dwest-Frysl�n;Frysl�n;62%;23%;90883;64%;27%;7,67%;0%;0%;2,38%;4,90%;0,39%;0%;1,10%;0%;173;2,16;65,1;34,7;25,8;8,9;300;Gemeente S�dwest-Frysl�n;S�dwest-Frysl�n
Terneuzen;Zeeland;63%;30%;54993;73%;16%;10,27%;0%;0%;2,24%;7,70%;0,33%;0%;0,79%;0%;220;2,06;68,1;30,6;18,4;12,2;243;Gemeente Terneuzen;Terneuzen
Terschelling;Frysl�n;59%;20%;4928;68%;27%;5,07%;0%;0%;0,94%;3,79%;0,34%;0%;0,34%;0%;56;1,83;63;37,1;19,2;17,9;437;Gemeente Terschelling;Terschelling
Texel;Noord-Holland;60%;21%;13979;63%;28%;7,72%;0%;0%;2,73%;4,50%;0,49%;0%;0,56%;0%;85;2;66,3;33,5;21,6;11,9;395;Gemeente Texel;Texel
Teylingen;Zuid-Holland;61%;21%;38510;68%;14%;17,42%;0%;0%;6,70%;10%;0,72%;0%;0,75%;0%;1358;2,27;65,5;34,4;21,7;12,7;462;Gemeente Teylingen;Teylingen
Tholen;Zeeland;54%;27%;26825;67%;23%;8,59%;0%;0%;2,70%;5,50%;0,39%;0%;1,30%;0%;183;2,39;72,1;27,7;21;6,7;287;Gemeente Tholen;Tholen
Tiel;Gelderland;61%;30%;42604;63%;19%;16,37%;0,03%;0%;6,80%;9,20%;0,37%;0%;1,34%;0%;1292;2,18;56,2;43,7;33,9;9,8;348;Gemeente Tiel;Tiel
Tilburg;Noord-Brabant;52%;23%;227707;63%;16%;20,14%;0,04%;0%;8,70%;11%;0,44%;0%;0,76%;0%;1826;1,95;49,7;50,3;31,7;18,6;326;Gemeente Tilburg;Tilburg
Tubbergen;Overijssel;87%;26%;21408;62%;27%;10,13%;0%;0%;2,93%;7%;0,20%;0%;0,47%;0%;146;2,52;72,3;27,4;11,6;15,8;426;Gemeente Tubbergen;Tubbergen
Twenterand;Overijssel;74%;29%;33867;68%;23%;7,65%;0%;0%;1,71%;5,60%;0,34%;0%;1,46%;0%;321;2,48;66,8;33,2;25,1;8,1;339;Gemeente Twenterand;Twenterand
Tynaarlo;Drenthe;52%;16%;34592;59%;18%;22,20%;0%;0%;13%;8,40%;0,80%;0%;0,91%;0%;243;2,28;76,9;23;14,6;8,4;409;Gemeente Tynaarlo;Tynaarlo
Tytsjerksteradiel;Frysl�n;61%;24%;32408;65%;27%;6,94%;0%;0%;2,18%;4,52%;0,24%;0%;1,20%;0%;219;2,27;72;28;19,1;8,9;295;Gemeente Tytsjerksteradiel;Tytsjerksteradiel
Uitgeest;Noord-Holland;61%;24%;13472;71%;15%;12,42%;0%;0%;3,57%;8,10%;0,75%;0%;1,52%;0%;700;2,34;72,8;27,2;21,1;6,1;443;Gemeente Uitgeest;Uitgeest
Uithoorn;Noord-Holland;62%;24%;31442;70%;14%;15,26%;0,06%;0%;4,47%;10%;0,79%;0%;0,80%;0%;1749;2,28;59,8;40,1;30,8;9,3;433;Gemeente Uithoorn;Uithoorn
Urk;Flevoland;38%;26%;21829;59%;24%;15,71%;0%;0%;2,11%;13%;0,60%;0%;0,95%;0%;1671;3,17;77,7;22,3;13,7;8,6;343;Gemeente Urk;Urk
Utrecht;Utrecht;29%;10%;367947;65%;16%;17,58%;0,03%;0%;8,20%;8,60%;0,78%;0,01%;0,98%;0%;3991;1,92;44;55,8;30,7;25,1;450;Gemeente Utrecht;Utrecht (gemeente)
Utrechtse Heuvelrug;Utrecht;48%;15%;50429;68%;16%;14,41%;0%;0%;4,49%;9%;0,92%;0%;1,42%;0%;383;2,19;64,2;35,7;22,9;12,8;508;Gemeente Utrechtse Heuvelrug;Utrechtse Heuvelrug
Vaals;Limburg;64%;30%;10190;80%;10%;8,41%;0%;0%;2,44%;5,70%;0,27%;0%;1,06%;0%;424;1,79;44,1;54,1;27;27,1;220;Gemeente Vaals;Vaals
Valkenburg aan de Geul;Limburg;66%;30%;16423;76%;12%;10,84%;0%;0%;2,59%;7,80%;0,45%;0%;1,15%;0%;447;1,99;60,1;39,8;17,8;22;319;Gemeente Valkenburg aan de Geul;Valkenburg aan de Geul
Valkenswaard;Noord-Brabant;68%;30%;31527;72%;14%;12,57%;0%;0%;3,64%;8,40%;0,53%;0%;1,07%;0%;578;2,1;60,2;39,8;28,9;10,9;380;Gemeente Valkenswaard;Valkenswaard
Veendam;Groningen;66%;32%;27616;70%;19%;8,99%;0%;0%;2,03%;6,60%;0,36%;0%;1,72%;0%;362;2,12;65,1;34,8;23,8;11;226;Gemeente Veendam;Veendam
Veenendaal;Utrecht;52%;22%;68525;68%;15%;15,12%;0,04%;0%;3,44%;11%;0,68%;0%;0,88%;0%;3575;2,31;59,5;40,6;30,8;9,8;389;Gemeente Veenendaal;Veenendaal
Veere;Zeeland;51%;15%;22045;69%;21%;9,66%;0%;0%;2,64%;6,60%;0,42%;0%;0,41%;0%;166;2,24;78,7;20,3;10;10,3;436;Gemeente Veere;Veere
Veldhoven;Noord-Brabant;65%;27%;46417;71%;15%;13,04%;0%;0%;3,33%;9%;0,71%;0%;0,96%;0%;1478;2,2;67;32,9;23,5;9,4;459;Gemeente Veldhoven;Veldhoven
Velsen;Noord-Holland;61%;30%;68790;73%;14%;11,80%;0%;0%;2,62%;8,50%;0,68%;0%;1,18%;0%;1538;2,15;56,5;43,5;35,6;7,9;395;Gemeente Velsen;Velsen
Venlo;Limburg;66%;36%;103328;75%;14%;9,72%;0,03%;0%;2,22%;7,20%;0,30%;0%;1,10%;0%;836;2,06;58,4;41,5;27,9;13,6;288;Gemeente Venlo;Venlo
Venray;Limburg;67%;28%;44628;68%;21%;10,15%;0%;0%;2,58%;7,30%;0,27%;0%;0,93%;0%;274;2,17;64,2;35,7;25,8;9,9;328;Gemeente Venray;Venray
Vijfheerenlanden;Utrecht;57%;25%;60052;62%;20%;16,06%;0%;0%;4,60%;11%;0,46%;0%;0,96%;0,06%;422;2,39;63,1;36,9;29,9;7;390;Gemeente Vijfheerenlanden;Vijfheerenlanden
Vlaardingen;Zuid-Holland;57%;30%;75079;73%;13%;12,34%;0%;0%;2,62%;9%;0,72%;0%;0,91%;0%;3270;2,08;46,6;53,3;40,9;12,4;290;Gemeente Vlaardingen;Vlaardingen
Vlieland;Frysl�n;51%;15%;1291;65%;30%;4,58%;0%;0%;0%;4,58%;0%;0%;0%;0%;30;1,64;37,2;62;32,1;29,9;402;Gemeente Vlieland;Vlieland
Vlissingen;Zeeland;58%;27%;45150;75%;15%;9,21%;0%;0%;2,00%;6,80%;0,41%;0%;0,92%;0%;1321;1,93;56,6;43,1;28,1;15;247;Gemeente Vlissingen;Vlissingen
Voerendaal;Limburg;65%;30%;12405;76%;12%;11,28%;0%;0%;2,93%;8,10%;0,25%;0%;0,87%;0%;393;2,19;70,2;29,6;20,7;8,9;326;Gemeente Voerendaal;Voerendaal
Voorne aan Zee;Zuid-Holland;70%;34%;73945;71%;13%;13,85%;0%;0%;3,35%;9,90%;0,60%;0%;1,34%;0%;610;2,18;67,6;32,4;22,2;10,2;389;Gemeente Voorne aan Zee;Voorne aan Zee
Voorschoten;Zuid-Holland;54%;18%;25665;76%;9,80%;13,64%;0%;0%;3,34%;9,50%;0,80%;0%;0,59%;0%;2306;2,2;63,8;36,2;22,1;14,1;501;Gemeente Voorschoten;Voorschoten
Voorst;Gelderland;66%;19%;25215;69%;20%;9,16%;0%;0%;3,02%;5,50%;0,64%;0%;1,51%;0%;206;2,32;68,4;31,5;23,2;8,3;455;Gemeente Voorst;Voorst
Vught;Noord-Brabant;57%;19%;32113;70%;17%;12,95%;0%;0%;4,03%;8%;0,92%;0%;0,75%;0%;539;2,25;64,6;35,4;24,5;10,9;523;Gemeente Vught;Vught
Waadhoeke;Frysl�n;63%;24%;46718;65%;26%;6,95%;0%;0%;1,77%;4,85%;0,33%;0%;1,69%;0%;164;2,2;68;32;23,9;8,1;257;Gemeente Waadhoeke;Waadhoeke
Waalre;Noord-Brabant;56%;18%;17980;72%;13%;14,35%;0%;0%;3,92%;9,50%;0,93%;0%;1,19%;0%;804;2,25;74,1;25,9;16,3;9,6;511;Gemeente Waalre;Waalre
Waalwijk;Noord-Brabant;66%;32%;49952;70%;18%;10,73%;0%;0%;3,31%;7%;0,42%;0%;1,09%;0%;779;2,15;60,6;39,4;30,1;9,3;351;Gemeente Waalwijk;Waalwijk
Waddinxveen;Zuid-Holland;56%;25%;32601;68%;15%;16,06%;0%;0%;4,32%;11%;0,74%;0%;1,04%;0%;1225;2,42;65,8;34,2;25,3;8,9;387;Gemeente Waddinxveen;Waddinxveen
Wageningen;Gelderland;31%;10%;40960;70%;14%;14,29%;0%;0%;4,24%;9,50%;0,55%;0%;1,36%;0%;1400;1,64;42,4;57,5;40,4;17,1;352;Gemeente Wageningen;Wageningen
Wassenaar;Zuid-Holland;66%;21%;27093;72%;11%;16,49%;0%;0%;5%;10%;1,49%;0%;0,49%;0%;530;2,2;57,4;42,5;25,8;16,7;729;Gemeente Wassenaar;Wassenaar
Waterland;Noord-Holland;57%;21%;17609;69%;17%;13,30%;0%;0%;3,71%;8,90%;0,69%;0%;1,06%;0%;337;2,22;69,7;30,3;24,8;5,5;467;Gemeente Waterland;Waterland
Weert;Limburg;66%;31%;50872;73%;15%;10,51%;0%;0%;2,66%;7,40%;0,45%;0%;1,59%;0%;490;2,11;65,7;34;23,2;10,8;335;Gemeente Weert;Weert
West Betuwe;Gelderland;62%;28%;52720;61%;25%;12,08%;0,04%;0%;3,89%;7,60%;0,59%;0,03%;1,09%;0%;245;2,43;72,5;27,3;20,6;6,7;436;Gemeente West Betuwe;West Betuwe
West Maas en Waal;Gelderland;72%;32%;20065;65%;22%;11,50%;0%;0%;3,11%;7,90%;0,49%;0%;1,41%;0%;267;2,27;71,9;28,1;19,8;8,3;404;Gemeente West Maas en Waal;West Maas en Waal
Westerkwartier;Groningen;58%;22%;64946;65%;26%;7,58%;0%;0%;2,28%;4,83%;0,47%;0%;1,25%;0%;179;2,32;72,7;27,3;19,7;7,6;301;Gemeente Westerkwartier;Westerkwartier
Westerveld;Drenthe;62%;20%;19860;62%;27%;9,60%;0%;0%;2,47%;6,70%;0,43%;0%;1,66%;0%;72;2,16;75,3;24,6;16,8;7,8;390;Gemeente Westerveld;Westerveld
Westervoort;Gelderland;62%;30%;15114;76%;12%;10,96%;0%;0%;2,34%;8,10%;0,52%;0%;1,13%;0%;2160;2,19;59,9;40,1;31;9,1;318;Gemeente Westervoort;Westervoort
Westerwolde;Groningen;70%;33%;26537;68%;24%;6,13%;0%;0%;1,30%;4,63%;0,20%;0%;1,92%;0%;96;2,15;67,9;31,5;21,7;9,8;285;Gemeente Westerwolde;Westerwolde
Westland;Zuid-Holland;71%;33%;114887;65%;20%;13,92%;0%;0%;3,87%;9,40%;0,65%;0%;1,16%;0%;1436;2,3;68,6;31,4;23,2;8,2;445;Gemeente Westland;Westland
Weststellingwerf;Frysl�n;68%;28%;26467;64%;28%;5,80%;0%;0%;1,53%;4,01%;0,26%;0%;1,97%;0%;120;2,21;65,1;34,8;26,6;8,2;309;Gemeente Weststellingwerf;Weststellingwerf
Wierden;Overijssel;73%;22%;24862;52%;26%;21,70%;0%;0%;12%;9,40%;0,30%;0%;0,58%;0%;264;2,48;73;26,9;17,1;9,8;418;Gemeente Wierden;Wierden
Wijchen;Gelderland;65%;28%;41537;69%;18%;11,61%;0%;0%;3,60%;7,60%;0,41%;0%;0,90%;0%;629;2,25;67,6;32,4;25;7,4;372;Gemeente Wijchen;Wijchen
Wijdemeren;Noord-Holland;64%;23%;24659;69%;17%;13,06%;0%;0%;3,91%;8,20%;0,95%;0%;1,37%;0%;518;2,24;69,9;30;19,4;10,6;563;Gemeente Wijdemeren;Wijdemeren
Wijk bij Duurstede;Utrecht;62%;25%;23995;72%;15%;11,78%;0%;0%;3,36%;7,90%;0,52%;0%;1,05%;0%;503;2,28;70,4;29,6;22,9;6,7;437;Gemeente Wijk bij Duurstede;Wijk bij Duurstede
Winterswijk;Gelderland;67%;20%;29253;74%;17%;8,63%;0%;0%;1,99%;6,30%;0,34%;0%;0,95%;0%;212;2,17;70,2;29,7;16,8;12,9;300;Gemeente Winterswijk;Winterswijk
Woensdrecht;Noord-Brabant;74%;37%;22191;72%;16%;11,00%;0%;0%;2,62%;7,90%;0,48%;0%;0,70%;0%;242;2,2;72,7;27,1;18,2;8,9;343;Gemeente Woensdrecht;Woensdrecht
Woerden;Utrecht;54%;19%;53244;66%;18%;14,45%;0%;0%;4,53%;9,10%;0,82%;0%;0,83%;0%;607;2,3;65,8;34,2;22,6;11,6;412;Gemeente Woerden;Woerden
Wormerland;Noord-Holland;59%;25%;16612;71%;16%;11,60%;0%;0%;3,06%;7,90%;0,64%;0%;1,37%;0%;430;2,23;63,5;36,5;29,8;6,7;421;Gemeente Wormerland;Wormerland
Woudenberg;Utrecht;49%;19%;14358;67%;21%;10,52%;0%;0%;2,69%;7%;0,83%;0%;1,34%;0%;401;2,52;70,5;29,5;20,4;9,1;491;Gemeente Woudenberg;Woudenberg
Zaanstad;Noord-Holland;53%;26%;159618;71%;15%;12,71%;0%;0%;2,98%;9%;0,73%;0%;1,21%;0%;2189;2,18;54,2;45,7;36,2;9,5;391;Gemeente Zaanstad;Zaanstad
Zaltbommel;Gelderland;52%;23%;30349;65%;25%;9,65%;0%;0%;3,36%;5,80%;0,49%;0%;0,87%;0%;386;2,37;67,4;32,6;23,2;9,4;378;Gemeente Zaltbommel;Zaltbommel
Zandvoort;Noord-Holland;67%;31%;17542;74%;13%;12,43%;0%;0%;2,94%;8,50%;0,99%;0%;1,26%;0%;545;1,93;53,8;45,3;29,6;15,7;460;Gemeente Zandvoort;Zandvoort
Zeewolde;Flevoland;64%;25%;23692;63%;23%;13,05%;0%;0%;4,22%;8,20%;0,63%;0,11%;1,25%;0%;97;2,28;69,6;30,3;21,4;8,9;418;Gemeente Zeewolde;Zeewolde
Zeist;Utrecht;45%;15%;66629;68%;13%;17,62%;0%;0%;6,60%;10%;1,02%;0%;1,03%;0%;1374;2,1;52,7;47,2;28,6;18,6;523;Gemeente Zeist;Zeist
Zevenaar;Gelderland;67%;29%;45042;73%;15%;11,04%;0%;0%;2,83%;8%;0,21%;0%;1,07%;0%;486;2,16;64,2;35,8;27,9;7,9;320;Gemeente Zevenaar;Zevenaar
Zoetermeer;Zuid-Holland;61%;29%;126998;73%;10%;15,88%;0%;0%;4,17%;11%;0,71%;0%;0,85%;0%;3730;2,2;55,2;44,8;34,5;10,3;363;Gemeente Zoetermeer;Zoetermeer
Zoeterwoude;Zuid-Holland;59%;22%;9443;67%;19%;12,86%;0%;0%;3,14%;9,10%;0,62%;0%;0,53%;0%;460;2,26;68,9;31,1;15,6;15,5;469;Gemeente Zoeterwoude;Zoeterwoude
Zuidplas;Zuid-Holland;59%;25%;46981;68%;17%;13,86%;0%;0%;4,04%;9,20%;0,62%;0%;1,03%;0%;825;2,43;68,8;31,2;25,3;5,9;434;Gemeente Zuidplas;Zuidplas
Zundert;Noord-Brabant;73%;29%;22518;70%;20%;8,71%;0%;0%;2,72%;5,70%;0,29%;0%;1,02%;0%;187;2,22;74,8;25,1;13,2;11,9;434;Gemeente Zundert;Zundert
Zutphen;Gelderland;48%;19%;48510;73%;14%;11,05%;0%;0%;2,83%;7,60%;0,62%;0%;1,56%;0%;1191;2,05;56,2;43,8;29,9;13,9;322;Gemeente Zutphen;Zutphen
Zwartewaterland;Overijssel;52%;23%;23368;60%;28%;10,88%;0%;0%;3,40%;6,90%;0,58%;0%;0,97%;0%;285;2,57;71,9;28,1;19,7;8,4;315;Gemeente Zwartewaterland;Zwartewaterland
Zwijndrecht;Zuid-Holland;60%;30%;45018;73%;13%;12,36%;0%;0%;2,51%;9,30%;0,55%;0%;1,01%;0%;2210;2,16;56,8;43,1;36,8;6,3;314;Gemeente Zwijndrecht;Zwijndrecht
Zwolle;Overijssel;46%;16%;132411;66%;19%;14,24%;0,09%;0%;4,23%;9,40%;0,61%;0%;0,96%;0%;1203;2,07;52,8;47,1;32,5;14,6;355;Gemeente Zwolle;Zwolle